"candidate_id","source_term","type","source_segment_id","context","page_reference","current_status","candidate_english","verified_english","verification_source_type","verification_source","confidence","codex_recommendation","human_decision","decision_note","conflict_flag","related_glossary_file","related_glossary_key"
"C1-T001","李秉哲","person","CH01-P003; CH01-P004; CH01-P006; CH01-P011; CH01-P012; CH01-P014; CH01-P024","李秉哲（1910—1987）出生于大富之家。","FB-P014; FB-P015; FB-P017","researched","Lee Byung-chull","","official organization","https://www.samsung.com/us/about-us/leadership-and-mission/heritage/ | https://news.samsung.com/global/the-history-of-samsung-electronics-1-paving-a-new-path-19681970","high","Retain both official Samsung spellings as evidence; human reviewer should select one project form before locking.","","Official Samsung sources use both Lee Byung-chull and ByungChull Lee.","yes — surname order/capitalization/hyphenation variation","people.csv","李秉哲"
"C1-T002","郑周永","person","CH01-P003; CH01-P007; CH01-P008; CH01-P010; CH01-P011; CH01-P012; CH01-P013; CH01-P015; CH01-P016; CH01-P017; CH01-P021; CH01-P022; CH01-P027","郑周永（1915—2001）生于江原道通川郡的一个贫农家庭。","FB-P014; FB-P015; FB-P016; FB-P017","researched","Chung Ju-yung","","official organization","https://www1.hyundai.com/eu/about-hyundai/brand/heritage.html","high","Use as a strong candidate only; require human approval before glossary lock.","","Hyundai official heritage material supplies this form.","no","people.csv","郑周永"
"C1-T003","盛田昭夫","person","CH01-P002; CH01-P010","索尼创始人盛田昭夫是经营学的博士。","FB-P014; FB-P015","researched","Akio Morita","","official organization","https://www.sony.com/en/SonyInfo/IR/library/ar/qfhh7c000000g753-att/ar_sony_2000.pdf","high","Use as a strong candidate only; require human approval before glossary lock.","","Sony corporate reporting supplies this form; repeated source prose remains preserved.","no","people.csv","盛田昭夫"
"C1-T004","小源浪平","person","CH01-P002; CH01-P010","日立集团的小源浪平连小学都没毕业。","FB-P014; FB-P015","needs_context","Namihei Odaira (conditional entity candidate)","","official organization","https://www.hitachi.com/en/about/history/comic/namihei-odaira/","low","First verify the Chinese glyph against the authorized PDF; only then decide whether the Hitachi founder evidence maps to this source term.","","The frozen source intentionally preserves a suspected OCR/proper-name glyph issue.","yes — source-glyph/entity uncertainty","people.csv","小源浪平"
"C1-T005","李缵宇","person","CH01-P006","他出生于……宜宁的地主李缵宇家。","FB-P015","needs_context","","","unverified","","","Verify the PDF glyph and identify an authoritative biographical or institutional source before proposing romanization.","","Do not infer a Korean name spelling from Chinese characters alone.","no","people.csv","李缵宇"
"C1-T006","李洪锡","person","CH01-P006","李秉哲的祖父李洪锡是当时的一位鸿儒。","FB-P015","needs_context","","","unverified","","","Verify the PDF glyph and identify an authoritative biographical or institutional source before proposing romanization.","","Do not infer a Korean name spelling from Chinese characters alone.","no","people.csv","李洪锡"
"C1-T007","金玉均","person","CH01-P019","发动了甲申政变的才俊金玉均。","FB-P016","researched","Kim Ok-gyun","","authoritative academic institution","https://www.aks.ac.kr/ikorea/upload/intl/korean/UserFiles/UKS6_Korea_Religious_Places_eng.pdf","medium","Record the Academy of Korean Studies form as evidence and obtain human approval before locking.","","Historical-person romanization requires project-level consistency.","no","people.csv","金玉均"
"C1-T008","李鸿章","person","CH01-P019","在……和李鸿章谈判之前。","FB-P016","needs_human_decision","","","unverified","","","Research authoritative historical/academic usage and let the reviewer select the project form.","","A familiar-looking romanization is not verification evidence.","no","people.csv","李鸿章"
"C1-T009","索尼","organization","CH01-P001; CH01-P010","被称为商界三大神话的索尼创始人。","FB-P014; FB-P015","researched","Sony","","official organization","https://www.sony.com/en/SonyInfo/CorporateInfo/History/","high","Use the official organization form as a candidate; lock only after human review of historical naming context.","","The source refers to the organization in a historical comparison.","no","organizations.csv","索尼"
"C1-T010","日立集团","organization","CH01-P002; CH01-P010","日立集团的小源浪平。","FB-P014; FB-P015","needs_human_decision","Hitachi / Hitachi Group","","official organization","https://www.hitachi.com/en/about/history/comic/namihei-odaira/","medium","Determine whether the sentence refers to the historical company, the modern group, or an authorial generic label before selecting one form.","","Do not replace a historical entity automatically with a modern corporate name.","yes — historical-name scope mismatch","organizations.csv","日立集团"
"C1-T011","东和旅馆","organization","CH01-P019","1894年上海东和旅馆。","FB-P016","needs_context","","","unverified","","","Confirm entity type, source glyph, and historically attested English/romanized name before proposing a form.","","The source may name a hotel, but this must not be assumed without evidence.","no","organizations.csv","东和旅馆"
"C1-T012","早稻田大学","school","CH01-P006; CH01-P012","后来又到日本的早稻田大学留学。","FB-P015","researched","Waseda University","","official institution","https://www.waseda.jp/top/en/","high","Use the university's official English name as a candidate; human reviewer still performs the project lock.","","Official institutional evidence is available.","no","organizations.csv","早稻田大学"
"C1-T013","文山亭书院","school","CH01-P014","在祖父开设的文山亭书院学习。","FB-P015","needs_context","","","unverified","","","Verify the institution type and Korean name before choosing transliteration or a descriptive rendering.","","Do not translate 书院 mechanically without historical context.","no","organizations.csv","文山亭书院"
"C1-T014","松田小学","school","CH01-P007","在私塾和松田小学的学习。","FB-P015","needs_context","","","unverified","","","Verify the school and locality in an authoritative Korean or biographical source before proposing a name.","","A character-based reading would be insufficient evidence.","no","organizations.csv","松田小学"
"C1-T015","日本","place","CH01-P001; CH01-P006; CH01-P010; CH01-P012","在日本也有这类的例子。","FB-P014; FB-P015","needs_human_decision","Japan","","widely established conventional English","","high","Confirm that the project will use conventional English country names; then lock consistently.","","Conventional form is clear, but project locking remains a human action.","no","glossary.csv","日本"
"C1-T016","庆尚南道","place","CH01-P006","他出生于庆尚南道宜宁。","FB-P015","needs_context","","","unverified","","","Verify official romanization and decide how the historical administrative level will be expressed.","","Footnote FB-F002 explains 道; current and historical naming may differ.","no","glossary.csv","庆尚南道"
"C1-T017","宜宁","place","CH01-P006","庆尚南道宜宁。","FB-P015","researched","Uiryeong","","official municipal source","https://www.uiryeong.go.kr/index.uiryeong?menuCd=DOM_000000306001002000","medium","Record the municipal English form as evidence; confirm historical-context treatment before locking.","","Official municipal usage supports the candidate spelling.","no","glossary.csv","宜宁"
"C1-T018","江原道","place","CH01-P007","生于江原道通川郡。","FB-P015","needs_context","","","unverified","","","Verify the historical place name and administrative context; do not substitute a current jurisdiction automatically.","","The source describes an early-twentieth-century birthplace.","no","glossary.csv","江原道"
"C1-T019","通川郡","place","CH01-P007","生于江原道通川郡。","FB-P015","needs_context","","","unverified","","","Verify historical jurisdiction and authoritative romanization before proposing a form.","","Modern geography must not silently overwrite historical context.","no","glossary.csv","通川郡"
"C1-T020","朝鲜","place","CH01-P018; CH01-P019","被朝鲜时代的读书人列为必读书目。","FB-P016","needs_human_decision","","","unverified","","","Choose context-specific historical wording at sentence level rather than imposing one English equivalent globally.","","The term appears in period labels and must not trigger factual correction.","no","glossary.csv","朝鲜"
"C1-T021","上海","place","CH01-P019","1894年上海东和旅馆。","FB-P016","needs_human_decision","Shanghai","","widely established conventional English","","high","Confirm the project rule for conventional English place names and then lock.","","No factual verification of the source event is part of this stage.","no","glossary.csv","上海"
"C1-T022","清云洞","place","CH01-P022","在清云洞家中的一层。","FB-P016","needs_context","","","unverified","","","Verify the Korean place name and official romanization; retain contextual flexibility for the administrative suffix.","","Do not derive a final spelling from Chinese characters alone.","no","glossary.csv","清云洞"
"C1-T023","《千字文》","classical_text","CH01-P014; CH01-P023; CH01-P024","学习《千字文》。","FB-P015; FB-P016; FB-P017","researched","Thousand Character Classic","","authoritative English-language cultural source","https://tile.loc.gov/storage-services/master/gdc/gdcebookspublic/20/20/71/98/19/2020719819/2020719819.pdf","medium","Record the established-looking English title as evidence; human reviewer decides title styling and first-use treatment.","","Do not lock solely from one source.","no","glossary.csv","《千字文》"
"C1-T024","《资治通鉴》","classical_text","CH01-P014; CH01-P015; CH01-P016; CH01-P018; CH01-P019; CH01-P020; CH01-P023","学了《资治通鉴》。","FB-P015; FB-P016","researched","Comprehensive Mirror in Aid of Governance","","authoritative academic source","https://afe.easia.columbia.edu/songdynasty-module/confucian-neo.html","medium","Record the Columbia form and research title variants before a human selects the project title.","","First-use gloss and italicization remain undecided.","no","glossary.csv","《资治通鉴》"
"C1-T025","《论语》","classical_text","CH01-P014; CH01-P024; CH01-P025","五年间学了《论语》等书。","FB-P015; FB-P017","researched","The Analects / The Analects of Confucius","","authoritative academic source","https://afe.easia.columbia.edu/songdynasty-module/confucian-neo.html | https://afe.easia.columbia.edu/special/china_1000bce_confucius_say.htm","high","Preserve both documented title forms and let the human reviewer select one project form and styling rule.","","Authoritative sources show more than one established English title.","yes — established-title variation","glossary.csv","《论语》"
"C1-T026","《小学》","classical_text","CH01-P015; CH01-P018; CH01-P023","三年间学了《小学》、《大学》。","FB-P015; FB-P016","needs_context","","","unverified","","","First confirm the specific classical text intended; do not confuse it with the generic word primary school.","","The same chapter also uses 小学 generically in other segments.","yes — source-term sense ambiguity","glossary.csv","《小学》"
"C1-T027","《大学》","classical_text","CH01-P015; CH01-P016; CH01-P018; CH01-P023","三年间学了《小学》、《大学》。","FB-P015; FB-P016","researched","The Great Learning","","authoritative academic source","https://afe.easia.columbia.edu/ps/cup/zhuxi_learning.pdf","high","Record the academic title as evidence; human reviewer decides styling and disambiguation before lock.","","The title must remain distinct from generic university/college usage.","no","glossary.csv","《大学》"
"C1-T028","《通鉴节要》","classical_text","CH01-P018","与《通鉴节要》、《通鉴纲目》。","FB-P016","needs_context","","","unverified","","","Identify the exact work and research an established title; otherwise prepare verified romanization for human review.","","Do not invent an English title from the Chinese wording.","no","glossary.csv","《通鉴节要》"
"C1-T029","《通鉴纲目》","classical_text","CH01-P018","与《通鉴节要》、《通鉴纲目》。","FB-P016","needs_context","","","unverified","","","Identify the exact work and research an established title; otherwise prepare verified romanization for human review.","","Do not invent an English title from the Chinese wording.","no","glossary.csv","《通鉴纲目》"
"C1-T030","朝鲜时代","historical_term","CH01-P018","被朝鲜时代的读书人列为必读书目。","FB-P016","needs_human_decision","","","unverified","","","Research authoritative historical period naming and choose a project convention with sentence-level context.","","Period labels require a documented project decision.","no","glossary.csv","朝鲜时代"
"C1-T031","朝鲜末期","historical_term","CH01-P019","朝鲜末期的著名书法家。","FB-P016","needs_context","","","unverified","","","Confirm what time span the source intends and choose a contextual English rendering after human review.","","FB-F003 gives only a broad source explanation: 19世纪末20世纪初.","no","glossary.csv","朝鲜末期"
"C1-T032","甲申政变","historical_term","CH01-P019","发动了甲申政变。","FB-P016","researched","Gapsin Coup","","authoritative academic institution","https://dh.aks.ac.kr/Edu/wiki/index.php/GGHS_2019_Winter_-_Team_5","medium","Record the Academy of Korean Studies form as evidence and obtain human approval before locking.","","No fact-checking of the surrounding source claim was performed.","no","glossary.csv","甲申政变"
"C1-T033","鸿儒","title_role","CH01-P006","是当时的一位鸿儒。","FB-P015","needs_human_decision","","","contextual translation required","","","Translate in sentence context; do not register it as a formal office without evidence.","","A one-to-one glossary equivalent may be misleading.","no","glossary.csv","鸿儒"
"C1-T034","地主","title_role","CH01-P005; CH01-P006","可以收获……石的地主家庭。","FB-P015","needs_human_decision","","","contextual translation required","","","Choose a historically and socioeconomically appropriate rendering; record a default only after human review.","","Context may affect connotation and article use.","no","glossary.csv","地主"
"C1-T035","石","unit","CH01-P005","收获 2000 石……1500 石。","FB-P015","needs_human_decision","","","manual source and unit research required","","","Verify the unit in this historical context; human reviewer chooses transliteration, conversion note, or brief gloss. Preserve all numbers.","","Do not calculate or normalize quantities without an approved rule.","no","glossary.csv","石"
"C1-T036","私塾","cultural_concept","CH01-P006; CH01-P007; CH01-P013; CH01-P015; CH01-P016; CH01-P024","在私塾学过一阵汉学。","FB-P015; FB-P016; FB-P017","needs_human_decision","","","contextual translation required","","","Compare translation, transliteration, and brief-gloss options; human reviewer selects first-use and later-use treatment.","","A single English noun may erase institutional and historical nuance.","no","glossary.csv","私塾"
"C1-T037","仁、和、乐","cultural_concept","CH01-P025; CH01-P026","‘仁、和、乐’的精神境界。","FB-P017","needs_human_decision","","","manual classical-source review required","","","Research the classical concepts and preserve the three-part relationship; human reviewer chooses capitalization and gloss strategy.","","Do not treat model-created glosses as established translations.","no","glossary.csv","仁、和、乐"
"C1-T038","一勤天下无难事","cultural_concept","CH01-P022","他最喜欢的名句‘一勤天下无难事’。","FB-P016","needs_human_decision","","","manual quotation-source review required","","","Check attribution/source status and prepare translation strategy options for human decision.","","Do not label a project rendering as an established quotation.","no","glossary.csv","一勤天下无难事"
"C1-T039","有志者事竟成","cultural_concept","CH01-P022","引用‘有志者事竟成’。","FB-P016","needs_human_decision","","","manual quotation-source review required","","","Research established English renderings and present alternatives with sources; human reviewer selects the project form.","","Do not lock a familiar-looking proverb translation from model memory.","no","glossary.csv","有志者事竟成"
"C1-T040","致知在格物","cultural_concept","CH01-P022","引用‘致知在格物’等格言。","FB-P016","needs_human_decision","","","manual classical-source review required","","","Verify the classical source and terminology, then present sourced options for human decision.","","Context may require more than a word-for-word gloss.","no","glossary.csv","致知在格物"
"C1-T041","商界三大神话","other","CH01-P001; CH01-P010","被称为商界三大神话的索尼创始人。","FB-P014; FB-P015","needs_human_decision","","","project-specific translation decision","","","Determine whether this authorial label needs quotation marks, a brief explanation, or a direct project rendering.","","Repeated prose is intentional and remains preserved.","no","glossary.csv","商界三大神话"
