"chinese_name","official_english_name","abbreviation","organization_type","first_appearance","status","verification_source","notes"
"索尼","Sony","","company","CH01-P001","locked","https://www.sony.com/en/SonyInfo/CorporateInfo/History/","Official English usage approved."
"日立集团","Hitachi Group","","corporate group","CH01-P002","locked","https://www.hitachi.com/en/about/history/comic/namihei-odaira/","Master glossary form is Hitachi Group. In CH01-P002/P010, Hitachi founder Namihei Odaira is an approved natural contextual rendering and is not a glossary conflict."
"早稻田大学","Waseda University","","university","CH01-P006","locked","https://www.waseda.jp/top/en/","Official institutional English name approved."
"东和旅馆","Donghwa Inn","","historical lodging establishment","CH01-P019","locked","Stage 5C.1 human decision","Project-approved historical rendering. Use Inn rather than Hotel; this lock does not alter the frozen Chinese source."
"松田小学","Songjeon Elementary School","","historical school","CH01-P007","locked","Stage 5C.1 human decision | https://www.asan-chungjuyung.com/mobile_eng/sub_02_01_2.html","Project-approved standard English school-category rendering. Do not use Songjeon School."
"福兴商会","Bokheung Rice Store","","historical business","CH02-P040","locked","qa/chapter_02_terminology_decision.md (D06; C2-T018)","First occurrence: Bokheung Rice Store (Bokheung Sanghoe). Later occurrences: Bokheung Rice Store. The retained form is a historical-name aid, not a competing glossary translation."
"本田汽车集团","Honda","","contextual corporate reference","CH02-P069","locked","qa/chapter_02_remaining_terminology_decision.md (C2-RD03); Honda official history","Use Honda in ordinary biographical or business prose. Do not force Honda Motor Co., Ltd. unless the legal company entity is explicitly intended."
"丰田汽车","Toyota","","brand or business reference","CH02-P079","locked","qa/chapter_02_remaining_terminology_decision.md (C2-RD04); Toyota official history","Use Toyota in ordinary brand or business references. Do not force Toyota Motor Corporation unless the legal entity is explicitly intended."
"三星集团","Samsung Group","","corporate group","CH02-P067","locked","qa/chapter_02_remaining_terminology_decision.md (C2-RD05); Samsung official heritage","First mention: Samsung Group. Later natural references: Samsung."
"现代（企业）","Hyundai","","contextual enterprise reference","CH02-P067","locked","qa/chapter_02_remaining_terminology_decision.md (C2-RD06); Hyundai official heritage","Use Hyundai for this enterprise context. Do not expand automatically to Hyundai Motor Group."
"美国福特公司","Ford Motor Company","","company","CH02-P077","locked","qa/chapter_02_remaining_terminology_decision.md (C2-RD07); Ford official history","Use the official corporate name Ford Motor Company. American may remain contextual but is not part of the company name."
"底特律的造船公司","a shipbuilding company in Detroit","","historical organization description","CH02-P078","locked","qa/chapter_02_remaining_terminology_decision.md (C2-RD08)","Use the approved descriptive phrase in the main text. Do not insert Detroit Dry Dock Company."
"早稻田大学政治经济系","School of Political Science and Economics, Waseda University","","historical university subdivision","CH02-P008","locked","qa/chapter_02_final_terminology_decision.md (C2-T019); qa/chapter_02_terminology_verification.md; Waseda University official English history","Use the approved full institutional form for this Chapter 2 occurrence."
"英格兰银行","Bank of England","","central bank","CH02-P012","locked","qa/chapter_02_final_terminology_decision.md (C2-T021); qa/chapter_02_terminology_verification.md; Bank of England official usage","Use the official institutional English name."
"庆一商会","Kyungil Rice Store","Kyungil Sanghoe","historical rice business","CH03-P001","locked","qa/chapter_03_terminology_decision.md (C3-T025)","First occurrence: Kyungil Rice Store (Kyungil Sanghoe). Later: Kyungil Rice Store. Kyungil Sanghoe is an established English romanization used for Chung Ju-yung's first business."
"京城师范大学","Gyeongseong Normal University","","source-identified historical educational institution","CH03-P013","locked","qa/chapter_03_terminology_decision.md (C3-T026)","Source-preserving project form, not a verified historical official English institution name. Preserve the author's identity; do not silently replace it with Gyeongseong Normal School, Gyeongseong Women's Normal School, or Seoul National University. Mandatory note TN-CH03-001."
"京畿女高","Gyeonggi Girls' High School","","school","CH03-P013","locked","qa/chapter_03_terminology_decision.md (C3-T027)","Use the approved institutional form."
"培花女子高中","Paiwha Girls' High School","","school","CH03-P014","locked","qa/chapter_03_terminology_decision.md (C3-T028)","Use the approved institutional form."
"首尔女子商务学校","Seoul Girls' Commercial School","","source-identified historical school","CH03-P014","locked","qa/chapter_03_terminology_decision.md (C3-T029)","Preserve the source name and do not silently replace it with a historically contemporaneous name. Mandatory note TN-CH03-002."
"协同加工厂","Hyeopdong Rice Mill","","historical rice mill","CH03-P030","locked","qa/chapter_03_terminology_decision.md (C3-T030); historically attested 협동정미소","Project English rendering; do not claim a historically registered English corporate name. Later natural reference may use the rice mill."
"马山日出汽车公司","Masan Ilchul Automobile Company","","historical automobile company","CH03-P036","locked","qa/chapter_03_terminology_decision.md (C3-T031); Ho-Am Foundation English historical account","Use Masan Ilchul Automobile Company. Historical Korean evidence may represent 日出 using the Japanese reading Hinode; retain that only as evidence metadata. No reader-facing discrepancy note required."
"仁川谷米交易所","Incheon Rice Exchange","","historical commodity exchange","CH03-P032","locked","qa/chapter_03_terminology_decision.md (C3-T032)","Descriptive historical institutional rendering. Do not add unsupported claims about legal status or market structure."
"殖产银行马山分行","the Masan branch of the Chosen Industrial Bank","Chosen Industrial Bank","historical bank branch","CH03-P040","locked","qa/chapter_03_terminology_decision.md (C3-T033); contemporary English banking records and historical scholarship","First/full occurrence: the Masan branch of the Chosen Industrial Bank. Related institutional reference: the Chosen Industrial Bank. Later: the bank. No historical-identity discrepancy note required."
"总督府","Government-General of Korea","","colonial administrative body","CH03-P015","locked","qa/chapter_03_terminology_decision.md (C3-T034)","Translate FB-F007 faithfully. Do not add information beyond the source footnote."
"国保委 / 国家保卫非常对策委员会","Special Committee for National Security Measures","","political and administrative body","CH03-P051","locked","qa/chapter_03_terminology_decision.md (C3-T035)","Use the approved body name in the main text and translate FB-F010 with the same form."
"大宇汽车","Daewoo Motor","","company","CH03-P051","locked","qa/chapter_03_terminology_decision.md (C3-T036)","Use Daewoo Motor."
"现代重工业","Hyundai Heavy Industries","","company","CH03-P051","locked","qa/chapter_03_terminology_decision.md (C3-T037)","Use Hyundai Heavy Industries."
"韩国肥料","Korea Fertilizer Industries","","historical company","CH03-P068","locked","qa/chapter_03_terminology_decision.md (C3-T038)","Company/entity form only. Do not use this form as the event name; C3-T059 separately controls the Korea Fertilizer incident."
"日本大仓饭店","Hotel Okura Tokyo","","hotel and historical venue","CH03-P068","locked","qa/chapter_03_terminology_decision.md (C3-T039)","Hotel Okura opened in Tokyo in 1962. The source does not state that the hotel event occurred in 1961, so no demonstrated chronology contradiction or reader-facing note is established."
