source_page_id,input_pdf_page,raw_numeric_tokens,cleaned_numeric_tokens,missing_from_cleaned,added_in_cleaned,status,note
FB-P001,1,,,,,exact,
FB-P002,2,7|5012|2723|3|1137|20.00,7|5012|2723|3|1137|20.00,,,exact,
FB-P003,3,1|2|00|00|6|4.1.3.2,1|2|00|00|6|4.1.3.2,,,exact,
FB-P004,4,2004|2004|2006|2006|2006|2006.5|7|7|5012|2723|3|833.126.538|2005|150160|01|5369|51|100010|1934|010|010|010|65265950|65265928|65265922|880|1230|1|32|182|5|5|20.00,2004|2004|2006|2006|2006|2006.5|7|7|5012|2723|3|833.126.538|2005|150160|01|5369|51|100010|1934|010|010|010|65265950|65265928|65265922|880|1230|1|32|182|5|5|20.00,,,exact,
FB-P005,5,2000|2001|20,2000|2001|20,,,exact,
FB-P006,6,20,20,,,exact,
FB-P007,7,,,,,exact,
FB-P008,8,40|20|20|60|70|80|90,40|20|20|60|70|80|90,,,exact,
FB-P009,9,1976|89|550,1976|89|550,,,exact,
FB-P010,10,300|6|40|8|50,300|6|40|8|50,,,exact,
FB-P011,11,1998|3|22|461|404|299|25|610|50|50|50,1998|3|22|461|404|299|25|610|50|50|50,,,exact,
FB-P012,12,1|1|2|5|5|3|13|13|4|21|29|6|37|7|41|8|53|9|61|10|71|11|79|12|85|97|14|107|15|123|16|133|17|149|18|153|19|165|20|171,1|1|2|5|5|3|13|13|4|21|29|6|37|7|41|8|53|9|61|10|71|11|79|12|85|97|14|107|15|123|16|133|17|149|18|153|19|165|20|171,,,exact,
FB-P013,13,21|175|22|179|23|185|24|191|25|197|26|209|27|215|28|225|227,21|175|22|179|23|185|24|191|25|197|26|209|27|215|28|225|227,,,exact,
FB-P014,14,1,1,,,exact,
FB-P015,15,1910|1987|2000|1500|1915|2001,1910|1987|2000|1500|1915|2001,,,exact,
FB-P016,16,1300|1894,1300|1894,,,exact,
FB-P017,17,,,,,exact,
FB-P018,18,2|20|30,2|20|30,,,exact,
FB-P019,19,1929|1929|10|10|1930|24|1300|1200|600|1923|70|37|40,1929|1929|10|10|1930|24|1300|1200|600|1923|70|37|40,,,exact,
FB-P020,20,1930|15,1930|15,,,exact,
FB-P021,21,4|5|3|3|3|2|1|1,4|5|3|3|3|2|1|1,,,exact,
FB-P022,22,1933|19|20|30|300|500|500,1933|19|20|30|300|500|500,,,exact,
FB-P023,23,500|20|30,500|20|30,,,exact,
FB-P024,24,1894|1989|10|1906|1991|16|1863|1947,1894|1989|10|1906|1991|16|1863|1947,,,exact,
FB-P025,25,1867|1930|19,1867|1930|19,,,exact,
FB-P026,26,1|2|3|4|5,3|3|1|2|4|5,,3,approved structural chapter-number recovery,"Chapter number recovered from TOC, sequence, chapter-opening template, and JSON title evidence."
FB-P027,27,22|1936|85|1892|1973|1937,22|1936|85|1892|1973|1937,,,exact,
FB-P028,28,26|300|300|300,26|300|300|300,,,exact,
FB-P029,29,2|2|3|3,2|2|3|3,,,exact,
FB-P030,30,10|10|40|40|1|200|20,10|10|40|40|1|200|20,,,exact,
FB-P031,31,1937|1980|1980|200|2|10,1937|1980|1980|200|2|10,,,exact,
FB-P032,32,200|1|1|2|3|4|5|5|1961|16,200|1|1|2|3|4|5|5|1961|16,,,exact,
FB-P033,33,20|70,20|70,,,exact,
FB-P034,34,,4,,4,approved structural chapter-number recovery,"Chapter number recovered from TOC, sequence, chapter-opening template, and JSON title evidence."
FB-P035,35,200|1938|3|3|1|1|1|1|1|29|61|4|2,200|1938|3|3|1|1|1|1|1|29|61|4|2,,,exact,
FB-P036,36,14,14,,,exact,
FB-P037,37,1|1|60|100|10|20,1|1|60|100|10|20,,,exact,
FB-P038,38,24|1,24|1,,,exact,
FB-P039,39,7000|7000|12|1|1|1941|6|3|5000|4500|3000|1500|500|10,7000|7000|12|1|1|1941|6|3|5000|4500|3000|1500|500|10,,,exact,
FB-P040,40,1941|1931|4331|1945|1945|7386|70|80|1912|20|20|54|949|30|4000|4000|4500|90|1922|16|22,1941|1931|4331|1945|1945|7386|70|80|1912|20|20|54|949|30|4000|4000|4500|90|1922|16|22,,,exact,
FB-P041,41,3000|3500|50|5,3000|3500|50|5,,,exact,
FB-P042,42,5,5,,,exact,
FB-P043,43,1945|1945|1945|1948|180|125,1945|1945|1945|1948|180|125,,,exact,
FB-P044,44,1948|11|200|75|25|25,1948|11|200|75|25|25,,,exact,
FB-P045,45,1.5|50|50,1.5|50|50,,,exact,
FB-P046,46,1949|1950|3|1.2|6|25|1946|4|1939|1943,1949|1950|3|1.2|6|25|1946|4|1939|1943,,,exact,
FB-P047,47,1.5|2.5|1947|5|25|1530,1.5|2.5|1947|5|25|1530,,,exact,
FB-P048,48,60,60,,,exact,
FB-P049,49,,,,,exact,
FB-P050,50,6,6,,,exact,
FB-P051,51,1950|2|15|60,1950|2|15|60,,,exact,
FB-P052,52,1950|41|100|100|100|100|100,1950|41|100|100|100|100|100,,,exact,
FB-P053,53,16|400|587|1400|40|1876|1870|130|20|50|30,16|400|587|1400|40|1876|1870|130|20|50|30,,,exact,
FB-P054,54,7,7,,,exact,
FB-P055,55,1953|30|1952|38|15,1953|30|1952|38|15,,,exact,
FB-P056,56,6|6|25|25|38,6|6|25|25|38,,,exact,
FB-P057,57,6|6|27|28|28|29|9|1|4|3|3,6|6|27|28|28|29|9|1|4|3|3,,,exact,
FB-P058,58,3|3|3|3|3|10|60|60,3|3|3|3|3|10|60|60,,,exact,
FB-P059,59,,,,,exact,
FB-P060,60,18|18|15|3|2000|2000,18|18|15|3|2000|2000,,,exact,
FB-P061,61,1953|8,1953|8,,,exact,
FB-P062,62,1953|11|5|1956|25,1953|11|5|1956|25,,,exact,
FB-P063,63,50|50|1956|150|1957|200|7.22|1958|56|2000|1.6|1953|52.5|100|30|1954|80|80|10|10|60|60|480,50|50|1956|150|1957|200|7.22|1958|56|2000|1.6|1953|52.5|100|30|1954|80|80|10|10|60|60|480,,,exact,
FB-P064,64,,,,,exact,
FB-P065,65,50|1960|69,50|1960|69,,,exact,
FB-P066,66,8,8,,,exact,
FB-P067,67,1954|6|20|20,1954|6|20|20,,,exact,
FB-P068,68,100|1|5830|1954|9|15,100|1|5830|1954|9|15,,,exact,
FB-P069,69,1956|50|1|6,1956|50|1|6,,,exact,
FB-P070,70,5|20|60|1958|1|600,5|20|60|1958|1|600,,,exact,
FB-P071,71,70|1960|149|1970|1975|13|247191|24|24|30|1991|14|5355|1000|4|4|250|1954|5457|6500|2000,70|1960|149|1970|1975|13|247191|24|24|30|1991|14|5355|1000|4|4|250|1954|5457|6500|2000,,,exact,
FB-P072,72,120|20|20|18|1,120|20|20|18|1,,,exact,
FB-P073,73,6500|20|1957,6500|20|1957,,,exact,
FB-P074,74,,9,,9,approved structural chapter-number recovery,"Chapter number recovered from TOC, sequence, chapter-opening template, and JSON title evidence."
FB-P075,75,1|1|3|1957|1957|1957|1958|30|15|500,1|1|3|1957|1957|1957|1958|30|15|500,,,exact,
FB-P076,76,13|7|3|3|1|2|2|2|28|23,13|7|3|3|1|2|2|2|28|23,,,exact,
FB-P077,77,,,,,exact,
FB-P078,78,20|30|1982|8000|1600|1965|1970,20|30|1982|8000|1600|1965|1970,,,exact,
FB-P079,79,1958|10|10|1963|1965|1966|1967|20,1958|10|10|1963|1965|1966|1967|20,,,exact,
FB-P080,80,1995,1995,,,exact,
FB-P081,81,6|2,6|2,,,exact,
FB-P082,82,,,,,exact,
FB-P083,83,,,,,exact,
FB-P084,84,10,10,,,exact,
FB-P085,85,6|25|1000|1000|1000|1|4|2.3|1957|9,6|25|1000|1000|1000|1|4|2.3|1957|9,,,exact,
FB-P086,86,40|1958|1959|1959|1960|12,40|1958|1959|1959|1960|12,,,exact,
FB-P087,87,1960|1960|1950|62|1945|3|7|10,1960|1960|1950|62|1945|3|7|10,,,exact,
FB-P088,88,1|2|3|4,1|2|3|4,,,exact,
FB-P089,89,5|6|1868,5|6|1868,,,exact,
FB-P090,90,,,,,exact,
FB-P091,91,2,2,,,exact,
FB-P092,92,11,11,,,exact,
FB-P093,93,1961|1961|5|5|16|16|7|10|10|6|6|6|40|8|11|11|24,1961|1961|5|5|16|16|7|10|10|6|6|6|40|8|11|11|24,,,exact,
FB-P094,94,11|11|11|11|120,11|11|11|11|120,,,exact,
FB-P095,95,20|30|29|1980,20|30|29|1980,,,exact,
FB-P096,96,80,80,,,exact,
FB-P097,97,,,,,exact,
FB-P098,98,12|20|50|60,12|20|50|60,,,exact,
FB-P099,99,15|5|5|16|16|16|78|1959|6.1|1960|2.3|1961|2.8|8,15|5|5|16|16|16|78|1959|6.1|1960|2.3|1961|2.8|8,,,exact,
FB-P100,100,178|10|10|20|20|21|23|2|15|40|1000|400|70|28|100|500|500|50|250|1500|1|3,178|10|10|20|20|21|23|2|15|40|1000|400|70|28|100|500|500|50|250|1500|1|3,,,exact,
FB-P101,101,420|630|1000|400|500|78|10|178|1.3|40|1|2|3|4|5,420|630|1000|400|500|78|10|178|1.3|40|1|2|3|4|5,,,exact,
FB-P102,102,6|6|7|8|40|1961|11|25|10|10|26|13|3|3|1|2,6|6|7|8|40|1961|11|25|10|10|26|13|3|3|1|2,,,exact,
FB-P103,103,12|2500|1962|2|3,12|2500|1962|2|3,,,exact,
FB-P104,104,5|5|11|28|6|25|26,5|5|11|28|6|25|26,,,exact,
FB-P105,105,5|16|16|178|1972|1969|20|50|60|1965|1965|29|522|65,5|16|16|178|1972|1969|20|50|60|1965|1965|29|522|65,,,exact,
FB-P106,106,,,,,exact,
FB-P107,107,1966|26|29|1974|1975|35,1966|26|29|1974|1975|35,,,exact,
FB-P108,108,1965|10|3,1965|10|3,,,exact,
FB-P109,109,,,,,exact,
FB-P110,110,13,13,,,exact,
FB-P111,111,20|60|350|3|1965|2000|1966|1,20|60|350|3|1965|2000|1966|1,,,exact,
FB-P112,112,21|2550|1|3|8000,21|2550|1|3|8000,,,exact,
FB-P113,113,1|24|4000|2|300|15|20|50|1959|10,1|24|4000|2|300|15|20|50|1959|10,,,exact,
FB-P114,114,2.5|1|1955|1958|1960|30|1966|40|35|4000|4000|5000|5000,2.5|1|1955|1958|1960|30|1966|40|35|4000|4000|5000|5000,,,exact,
FB-P115,115,4000|5000|1960|2|1|80|80|1801|1894|7335|30|3|1930,4000|5000|1960|2|1|80|80|1801|1894|7335|30|3|1930,,,exact,
FB-P116,116,4|4|19|19|50|5|5|16|1962|28,4|4|19|19|50|5|5|16|1962|28,,,exact,
FB-P117,117,5500|50|30|1|1963|10,5500|50|30|1|1963|10,,,exact,
FB-P118,118,18|5|5|6|10|30|30|33|33|4200|5.5|1|86|90|56|1966|9|16|80,18|5|5|6|10|30|30|33|33|4200|5.5|1|86|90|56|1966|9|16|80,,,exact,
FB-P119,119,4200|4200|100|100|100|1|1|1|3|3|3|10|1994|1300|1000|2300|27,4200|4200|100|100|100|1|1|1|3|3|3|10|1994|1300|1000|2300|27,,,exact,
FB-P120,120,14,14,,,exact,
FB-P121,121,1967|1967|3|40|200|200|20|1987|100|100|100|1992|25|1330|4|5|110|80|11|16|2|1943|27|2.5|1964|215|1965|106|1966|3117,1967|1967|3|40|200|200|20|1987|100|100|100|1992|25|1330|4|5|110|80|11|16|2|1943|27|2.5|1964|215|1965|106|1966|3117,,,exact,
FB-P122,122,1966|21|4,1966|21|4,,,exact,
FB-P123,123,21|21|79|79|1968|20|192|30|70|9|9|50|50,21|21|79|79|1968|20|192|30|70|9|9|50|50,,,exact,
FB-P124,124,100|5|1|50|17|2|1966|329|1967|913|1968|2298,100|5|1|50|17|2|1966|329|1967|913|1968|2298,,,exact,
FB-P125,125,1969|4258|13|17|500|1|2|3|4|1973|9|100,1969|4258|13|17|500|1|2|3|4|1973|9|100,,,exact,
FB-P126,126,1974|1974|1|1|5.6|10|10|30|16|16|65|245|300|43|6|70|1982|2|2|2|1983|11|1500,1974|1974|1|1|5.6|10|10|30|16|16|65|245|300|43|6|70|1982|2|2|2|1983|11|1500,,,exact,
FB-P127,127,2.5|1986|1986|2|1985|6|25|17|17|1987|26|24|12|5|300|429,2.5|1986|1986|2|1985|6|25|17|17|1987|26|24|12|5|300|429,,,exact,
FB-P128,128,1964|20|30|1|63|66|81|81|2|3|4|55,1964|20|30|1|63|66|81|81|2|3|4|55,,,exact,
FB-P129,129,8|438|3500|1643|650|650|180|180|490|380|380|330|330|1|1|50000|315|300|10|10,8|438|3500|1643|650|650|180|180|490|380|380|330|330|1|1|50000|315|300|10|10,,,exact,
FB-P130,130,13|429|133|105|28|2|2|2|2|5|1968|1|4|20|3|30|590|530|240|120,13|429|133|105|28|2|2|2|2|5|1968|1|4|20|3|30|590|530|240|120,,,exact,
FB-P131,131,800|1400|1900|25|1970|1970|6|27|11|290|429|429|429|1|1|1|330|100|8|7|7|900|165|13|77,800|1400|1900|25|1970|1970|6|27|11|290|429|429|429|1|1|1|330|100|8|7|7|900|165|13|77,,,exact,
FB-P132,132,1|3|1980|100|1000|1965|1966|20|60,1|3|1980|100|1000|1965|1966|20|60,,,exact,
FB-P133,133,1966|1969,1966|1969,,,exact,
FB-P134,134,1868,1868,,,exact,
FB-P135,135,2,2,,,exact,
FB-P136,136,1.2|10,15|1.2|10,,15,approved structural chapter-number recovery,"Chapter number recovered from TOC, sequence, chapter-opening template, and JSON title evidence."
FB-P137,137,1999|8|24|27|1972|26|30|1971|9|8000|8000,1999|8|24|27|1972|26|30|1971|9|8000|8000,,,exact,
FB-P138,138,500|16|19|300,500|16|19|300,,,exact,
FB-P139,139,,,,,exact,
FB-P140,140,26|26|36|3035|14,26|26|36|3035|14,,,exact,
FB-P141,141,1.7|26|26|26|1.2|10|14|5000|70|70|60|1972|3|22|51.8|1.75,1.7|26|26|26|1.2|10|14|5000|70|70|60|1972|3|22|51.8|1.75,,,exact,
FB-P142,142,1973|1973|1973|1973|2.5|12|194.7|2.64|1974|1974|26|3|92|8.8|20|50|40,1973|1973|1973|1973|2.5|12|194.7|2.64|1974|1974|26|3|92|8.8|20|50|40,,,exact,
FB-P143,143,26|26|26|7302|7302|7308|7310|1974|1974|6|11|30|36|70,26|26|26|7302|7302|7308|7310|1974|1974|6|11|30|36|70,,,exact,
FB-P144,144,,,,,exact,
FB-P145,145,,,,,exact,
FB-P146,146,16,16,,,exact,
FB-P147,147,2000|9|1969|1|13|50|40|10|5000|12|4|1977|1967|20|60,2000|9|1969|1|13|50|40|10|5000|12|4|1977|1967|20|60,,,exact,
FB-P148,148,40|40|99|1967|70|10,40|40|99|1967|70|10,,,exact,
FB-P149,149,40|1937|45|1969|1|1|13|10|10|1984|1968,40|1937|45|1969|1|1|13|10|10|1984|1968,,,exact,
FB-P150,150,6|19|8|59|15|15|85|45|70|70|1972|1200|20|5.2|1973,6|19|8|59|15|15|85|45|70|70|1972|1200|20|5.2|1973,,,exact,
FB-P151,151,1966|9|1973|1.75|10,1966|9|1973|1.75|10,,,exact,
FB-P152,152,1975,1975,,,exact,
FB-P153,153,,,,,exact,
FB-P154,154,8000|10|9.3|23|7.8|50|50|20,8000|10|9.3|23|7.8|50|50|20,,,exact,
FB-P155,155,30|10|1966,30|10|1966,,,exact,
FB-P156,156,10|2000|2000|2000|2640|1967,10|2000|2000|2000|2640|1967,,,exact,
FB-P157,157,100|12|12|25|9|9|5|5|8.7|8.7|8.7|10|10|10|1.3|44|1975|2|16|3114,100|12|12|25|9|9|5|5|8.7|8.7|8.7|10|10|10|1.3|44|1975|2|16|3114,,,exact,
FB-P158,158,9|9|9|444|444|3114|44|6000|7|5|20|12|1,9|9|9|444|444|3114|44|6000|7|5|20|12|1,,,exact,
FB-P159,159,36|36|89|89|20|18|550|10|1.2|19|1|2|5000,36|36|89|89|20|18|550|10|1.2|19|1|2|5000,,,exact,
FB-P160,160,35|19|1975|7.5|1976|3|24|1977|34|1978|80|1979|60|1980|1980|78|1981|126|1982|1982|113|1983|90|59|1966|15|72.6|26.7|92,35|19|1975|7.5|1976|3|24|1977|34|1978|80|1979|60|1980|1980|78|1981|126|1982|1982|113|1983|90|59|1966|15|72.6|26.7|92,,,exact,
FB-P161,161,,,,,exact,
FB-P162,162,17,17,,,exact,
FB-P163,163,1975|5,1975|5,,,exact,
FB-P164,164,,,,,exact,
FB-P165,165,,,,,exact,
FB-P166,166,,18,,18,approved structural chapter-number recovery,"Chapter number recovered from TOC, sequence, chapter-opening template, and JSON title evidence."
FB-P167,167,1982|1982|3|100|16|1|60|210,1982|1982|3|100|16|1|60|210,,,exact,
FB-P168,168,1982|25|1995|500|500|1983|2|3|3|3|1938|45|1|1|1|1|20|13|21|15,1982|25|1995|500|500|1983|2|3|3|3|1938|45|1|1|1|1|20|13|21|15,,,exact,
FB-P169,169,50|1|10|10|1974|12|1980|1973,50|1|10|10|1974|12|1980|1973,,,exact,
FB-P170,170,64|64|64|15|361|126|674|26,64|64|64|15|361|126|674|26,,,exact,
FB-P171,171,1986|1986|64|64|64|4|16|32|20|20|1983|1983|12|12|10|1,1986|1986|64|64|64|4|16|32|20|20|1983|1983|12|12|10|1,,,exact,
FB-P172,172,10|12|12|12|12|1983|1983|64|64|40|1992|2001|4|9|1979|1981|1982,10|12|12|12|12|1983|1983|64|64|40|1992|2001|4|9|1979|1981|1982,,,exact,
FB-P173,173,,,,,exact,
FB-P174,174,500|500|100|16|1999|2.1|2|19,500|500|100|16|1999|2.1|2|19,,,exact,
FB-P175,175,10|90|2000|285|260|15.1|59.1|18,10|90|2000|285|260|15.1|59.1|18,,,exact,
FB-P176,176,4|800|400|200,4|800|400|200,,,exact,
FB-P177,177,2,2,,,exact,
FB-P178,178,19,19,,,exact,
FB-P179,179,1989|70|30,1989|70|30,,,exact,
FB-P180,180,,,,,exact,
FB-P181,181,4|19|3|15,4|19|3|15,,,exact,
FB-P182,182,35|15|30,35|15|30,,,exact,
FB-P183,183,,,,,exact,
FB-P184,184,20,20,,,exact,
FB-P185,185,1000|1000,1000|1000,,,exact,
FB-P186,186,1972|1974|1975|35|1965|50|50,1972|1974|1975|35|1965|50|50,,,exact,
FB-P187,187,,,,,exact,
FB-P188,188,21,21,,,exact,
FB-P189,189,,,,,exact,
FB-P190,190,6.7,6.7,,,exact,
FB-P191,191,10,10,,,exact,
FB-P192,192,22,22,,,exact,
FB-P193,193,1991|1993,1991|1993,,,exact,
FB-P194,194,13|500,13|500,,,exact,
FB-P195,195,21|20|1979,21|20|1979,,,exact,
FB-P196,196,218|1982|4|1336|12|8|133|134|136|137|138|139|140|169|171|172|196|555|556|557|558|559|643|1997,218|1982|4|1336|12|8|133|134|136|137|138|139|140|169|171|172|196|555|556|557|558|559|643|1997,,,exact,
FB-P197,197,,,,,exact,
FB-P198,198,23,23,,,exact,
FB-P199,199,82|84,82|84,,,exact,
FB-P200,200,,,,,exact,
FB-P201,201,82|84|220|240|57|500|1500|1953|70,82|84|220|240|57|500|1500|1953|70,,,exact,
FB-P202,202,1,1,,,exact,
FB-P203,203,9|80|80|300|81|82|84,9|80|80|300|81|82|84,,,exact,
FB-P204,204,24,24,,,exact,
FB-P205,205,22,22,,,exact,
FB-P206,206,15|10|19,15|10|19,,,exact,
FB-P207,207,52|30,52|30,,,exact,
FB-P208,208,1968|20|18.5|16.5|200|200|10|100|100|100|100|130|130|130|130|130|14.5|917|1987|77,1968|20|18.5|16.5|200|200|10|100|100|100|100|130|130|130|130|130|14.5|917|1987|77,,,exact,
FB-P209,209,,,,,exact,
FB-P210,210,25,25,,,exact,
FB-P211,211,1.67|57|77|1|135|26|300|100|28|2000|7,1.67|57|77|1|135|26|300|100|28|2000|7,,,exact,
FB-P212,212,500,500,,,exact,
FB-P213,213,20|4|10|230|3|77|8|300|6|25|5|16|1980|50,20|4|10|230|3|77|8|300|6|25|5|16|1980|50,,,exact,
FB-P214,214,20|20|1987|11|19|77|50|50|1953|1954|1957|1958|1962|1965|1965|1966|1966|1966|1969|1970|1972|1973|1973|1973|1974|1974|1975|1978|1980|37|300|166|103|9918,20|20|1987|11|19|77|50|50|1953|1954|1957|1958|1962|1965|1965|1966|1966|1966|1969|1970|1972|1973|1973|1973|1974|1974|1975|1978|1980|37|300|166|103|9918,,,exact,
FB-P215,215,,,,,exact,
FB-P216,216,82|84|100|1000|5|7|14|14|1987|2001,82|84|100|1000|5|7|14|14|1987|2001,,,exact,
FB-P217,217,1984|2|2|6400|270|270|15|30|30|322|50|50|23|23|25|230|3300|33|1987|55|2000|1990,1984|2|2|6400|270|270|15|30|30|322|50|50|23|23|25|230|3300|33|1987|55|2000|1990,,,exact,
FB-P218,218,1998|1998|6|16|500|500|9|10|120|120|120|120|84|40,1998|1998|6|16|500|500|9|10|120|120|120|120|84|40,,,exact,
FB-P219,219,2000|2000|6|4|4|2001|2001|3|3|73|22|87|1987,2000|2000|6|4|4|2001|2001|3|3|73|22|87|1987,,,exact,
FB-P220,220,4000|60|2.3|350|83|1000|130|1100|1150,4000|60|2.3|350|83|1000|130|1100|1150,,,exact,
FB-P221,221,1950|1967|1969|1973|1975|1985|80|3|5|7|30|120|20,1950|1967|1969|1973|1975|1985|80|3|5|7|30|120|20,,,exact,
FB-P222,222,26,26,,,exact,
FB-P223,223,83|130|11|23|2000|61|8974|6|6000|151,83|130|11|23|2000|61|8974|6|6000|151,,,exact,
FB-P224,224,1987|1987|2000|14|1993|1993|1992,1987|1987|2000|14|1993|1993|1992,,,exact,
FB-P225,225,7|4|1995|2|103|21,7|4|1995|2|103|21,,,exact,
FB-P226,226,3000,3000,,,exact,
FB-P227,227,,,,,exact,
FB-P228,228,27|24,27|24,,,exact,
FB-P229,229,70,70,,,exact,
FB-P230,230,1970|1972|1972|21|1036|9663|930|12|38|1991|1994,1970|1972|1972|21|1036|9663|930|12|38|1991|1994,,,exact,
FB-P231,231,50|24|1987|1992|74|20|70|90|1957|1961,50|24|1987|1992|74|20|70|90|1957|1961,,,exact,
FB-P232,232,1964|1973|1988|1990|1995|1995|1995|35|1994|1.578|4|2300|16,1964|1973|1988|1990|1995|1995|1995|35|1994|1.578|4|2300|16,,,exact,
FB-P233,233,1995|3|20|70|80|40|6400|4740|1982|1984|1985|1992|9|1996|25|10|21,1995|3|20|70|80|40|6400|4740|1982|1984|1985|1992|9|1996|25|10|21,,,exact,
FB-P234,234,66|62|61|56|56|47|1963|1986|1993|1995|1996|1996|2000|1969|1998|14|9|1967,66|62|61|56|56|47|1963|1986|1993|1995|1996|1996|2000|1969|1998|14|9|1967,,,exact,
FB-P235,235,1976|1999|7|1989|1998|1977|24|20,1976|1999|7|1989|1998|1977|24|20,,,exact,
FB-P236,236,53,53,,,exact,
FB-P237,237,2,2,,,exact,
FB-P238,238,28,28,,,exact,
FB-P239,239,20|20|60|60|60|60|50|1|21|40|40|100,20|20|60|60|60|60|50|1|21|40|40|100,,,exact,
FB-P240,240,,,,,exact,
FB-P241,241,20|5|16|1980|6|25,20|5|16|1980|6|25,,,exact,
FB-P242,242,,,,,exact,
FB-P243,243,2023|2024,2023|2024,,,exact,
