image_id,part,local_page_idx,input_pdf_page,source_page_id,json_block_index,json_bbox,mineru_url,local_image,local_relative_from_chapters,source_docx_entry,docx_relationship_id,document_order,bytes,sha256,mapping_status
FB-I001,part_001_200,0,1,FB-P001,0,0:0:595:628,https://cdn-mineru.openxlab.org.cn/result/2026-08-20/d73fea49-650b-4b35-8033-c98ab685f1e8/844807dcfccad0335bd53c8769dc11ee0021fd4afb33c6d50190966fa2d08720.jpg,source/raw/full_book/part_001_200/images/image_001.jpg,../raw/full_book/part_001_200/images/image_001.jpg,word/media/rId9.jpg,rId9,1,219500,2954beed832b93c0a5999fd44b00a4fe3422cef46f09f0cb72f05e3dc4d2ff47,verified one-to-one
FB-I002,part_001_200,1,2,FB-P002,1,23:681:182:811,https://cdn-mineru.openxlab.org.cn/result/2026-08-20/d73fea49-650b-4b35-8033-c98ab685f1e8/a3032c3d739e7af7b323fac5a244a283c84a5b3959378a29e4d4d97cc4a9cc8b.jpg,source/raw/full_book/part_001_200/images/image_002.jpg,../raw/full_book/part_001_200/images/image_002.jpg,word/media/rId13.jpg,rId13,2,27852,2c0f45a824201e188b869fc1a97d77bfc08aad7a335190359e45e1df410fd033,verified one-to-one
FB-I003,part_001_200,11,12,FB-P012,1,135:207:194:280,https://cdn-mineru.openxlab.org.cn/result/2026-08-20/d73fea49-650b-4b35-8033-c98ab685f1e8/091eee6b1a9a3cbd6b02a6594ba033045684b35c31142ba9d6205b0ab9b405a0.jpg,source/raw/full_book/part_001_200/images/image_003.jpg,../raw/full_book/part_001_200/images/image_003.jpg,word/media/rId25.jpg,rId25,3,8069,3b74999b546d5803360c2c1109317c0e66b1f8814817acfa05047ce37e0e9615,verified one-to-one
FB-I004,part_001_200,13,14,FB-P014,1,169:336:207:393,https://cdn-mineru.openxlab.org.cn/result/2026-08-20/d73fea49-650b-4b35-8033-c98ab685f1e8/d555a1056ca7e3bf3a626e89205dc19e9c8e850aa7c0e517ac244af602f7d7ae.jpg,source/raw/full_book/part_001_200/images/image_004.jpg,../raw/full_book/part_001_200/images/image_004.jpg,word/media/rId31.jpg,rId31,4,5742,99a03bf9a2137bd15589dfedd0ab85d616e6c01e3b0a6c35a684191662719142,verified one-to-one
FB-I005,part_001_200,13,14,FB-P014,3,408:332:448:395,https://cdn-mineru.openxlab.org.cn/result/2026-08-20/d73fea49-650b-4b35-8033-c98ab685f1e8/b3628c98a02481e1da638760c9356dace7b2a1d6d92dde1101f4b6ac64b491e3.jpg,source/raw/full_book/part_001_200/images/image_005.jpg,../raw/full_book/part_001_200/images/image_005.jpg,word/media/rId34.jpg,rId34,5,5883,08f18fc7637cfec31eb1a3fe69878dda4a1e9c0326711b04a9797e487889f430,verified one-to-one
FB-I006,part_001_200,17,18,FB-P018,2,161:322:199:381,https://cdn-mineru.openxlab.org.cn/result/2026-08-20/d73fea49-650b-4b35-8033-c98ab685f1e8/808ba9959185073b206087187ff7a24ac8ba515682544c1b00443fcd7c014ff2.jpg,source/raw/full_book/part_001_200/images/image_006.jpg,../raw/full_book/part_001_200/images/image_006.jpg,word/media/rId41.jpg,rId41,6,6054,dd50fd77a958fc04e7870001af7c0759c9deac4339a18a2c09fd68d46692edb5,verified one-to-one
FB-I007,part_001_200,17,18,FB-P018,4,400:321:442:383,https://cdn-mineru.openxlab.org.cn/result/2026-08-20/d73fea49-650b-4b35-8033-c98ab685f1e8/56858985aaf981311ecd8d9ed261d0a08f4c9d804399318221b57132c930761e.jpg,source/raw/full_book/part_001_200/images/image_007.jpg,../raw/full_book/part_001_200/images/image_007.jpg,word/media/rId44.jpg,rId44,7,6221,c49e774591d7983e804a3a321ec2f734749f384394ff578c2399de8bd8d23795,verified one-to-one
FB-I008,part_001_200,25,26,FB-P026,2,160:334:198:392,https://cdn-mineru.openxlab.org.cn/result/2026-08-20/d73fea49-650b-4b35-8033-c98ab685f1e8/558dcc27b79e5d8d14725913f5acfc9d89cf44120f7196b72e343079b0ec3520.jpg,source/raw/full_book/part_001_200/images/image_008.jpg,../raw/full_book/part_001_200/images/image_008.jpg,word/media/rId52.jpg,rId52,8,5981,acf8b8ce4c8fee06e7fba166ffe61f244be05ef196d014fea1ba05791efdc341,verified one-to-one
FB-I009,part_001_200,25,26,FB-P026,4,399:329:441:392,https://cdn-mineru.openxlab.org.cn/result/2026-08-20/d73fea49-650b-4b35-8033-c98ab685f1e8/aba858ebe466c44317abe0c208ade479cfb1b63ffdceb43b817d02bcb44c99e9.jpg,source/raw/full_book/part_001_200/images/image_009.jpg,../raw/full_book/part_001_200/images/image_009.jpg,word/media/rId55.jpg,rId55,9,6286,30c3a201a61a28538530629fa54fca1efde921d9e16c65f5faff5c4f0c50fef6,verified one-to-one
FB-I010,part_001_200,33,34,FB-P034,1,161:334:198:392,https://cdn-mineru.openxlab.org.cn/result/2026-08-20/d73fea49-650b-4b35-8033-c98ab685f1e8/2f3d7bb83ee5edc77762667119f0f6f350e69522fac6a90341171397b786dbde.jpg,source/raw/full_book/part_001_200/images/image_010.jpg,../raw/full_book/part_001_200/images/image_010.jpg,word/media/rId63.jpg,rId63,10,5926,34d6bf72029cd688c571a4b898b9d21c88f6a9c0f5a9728be740ea11f4ae55de,verified one-to-one
FB-I011,part_001_200,33,34,FB-P034,3,401:332:439:394,https://cdn-mineru.openxlab.org.cn/result/2026-08-20/d73fea49-650b-4b35-8033-c98ab685f1e8/087535cd397e255227949624ff2479f7cb48bb428f4b3e7396aef20e622fc24b.jpg,source/raw/full_book/part_001_200/images/image_011.jpg,../raw/full_book/part_001_200/images/image_011.jpg,word/media/rId66.jpg,rId66,11,6122,1818da5d2f344ac5fa14bcdc7407bd12f5438e9586baf1906426db93cfb5091f,verified one-to-one
FB-I012,part_001_200,41,42,FB-P042,1,167:328:205:386,https://cdn-mineru.openxlab.org.cn/result/2026-08-20/d73fea49-650b-4b35-8033-c98ab685f1e8/e0d24745d717b94b1c936600ad658a848e90e90fc66e29fefb5655326a04de24.jpg,source/raw/full_book/part_001_200/images/image_012.jpg,../raw/full_book/part_001_200/images/image_012.jpg,word/media/rId71.jpg,rId71,12,6037,a29e1b5ab6fe65b92a1cb9e195e21e9bc2ee324bfa6fb5f0abaa88fba6b2681e,verified one-to-one
FB-I013,part_001_200,41,42,FB-P042,3,405:324:445:387,https://cdn-mineru.openxlab.org.cn/result/2026-08-20/d73fea49-650b-4b35-8033-c98ab685f1e8/67457416791de4c54a18c0f753fdcdd9d38ba3d33ec3157ef45b9a20ed95661b.jpg,source/raw/full_book/part_001_200/images/image_013.jpg,../raw/full_book/part_001_200/images/image_013.jpg,word/media/rId74.jpg,rId74,13,6243,7b7f8b8471b42a2e95ebd63b1c43cc75d5c388c719e07c23190e2441f65fdba1,verified one-to-one
FB-I014,part_001_200,49,50,FB-P050,1,171:328:209:386,https://cdn-mineru.openxlab.org.cn/result/2026-08-20/d73fea49-650b-4b35-8033-c98ab685f1e8/a27530e606a5cb3bec9b68a72ca44b293543a58fae70b4d58f1a4944a4e76ecb.jpg,source/raw/full_book/part_001_200/images/image_014.jpg,../raw/full_book/part_001_200/images/image_014.jpg,word/media/rId80.jpg,rId80,14,5981,a75f01b0a39e3c756c5863c345cb6e5140d539c95ba827f78fd922cfed9bdb42,verified one-to-one
FB-I015,part_001_200,49,50,FB-P050,3,409:327:449:389,https://cdn-mineru.openxlab.org.cn/result/2026-08-20/d73fea49-650b-4b35-8033-c98ab685f1e8/8cf841b82a00e4880a0b5a16bd02c85cc3aa5dd3d3cec4a61dbd9ba3afe6dd8f.jpg,source/raw/full_book/part_001_200/images/image_015.jpg,../raw/full_book/part_001_200/images/image_015.jpg,word/media/rId83.jpg,rId83,15,6013,de1f38638e676888255b95f6a790668619ee4af3edfac01a610733d7690d357e,verified one-to-one
FB-I016,part_001_200,53,54,FB-P054,1,163:328:201:386,https://cdn-mineru.openxlab.org.cn/result/2026-08-20/d73fea49-650b-4b35-8033-c98ab685f1e8/02443b37c1b186c385904331253c9eaa1d045eb9790a861b79570f62c5ceb20f.jpg,source/raw/full_book/part_001_200/images/image_016.jpg,../raw/full_book/part_001_200/images/image_016.jpg,word/media/rId88.jpg,rId88,16,6052,c5100652556c753b71fcb92dc597fa22eeadf96ef38d06b10005af7b58553cd4,verified one-to-one
FB-I017,part_001_200,53,54,FB-P054,3,402:327:442:387,https://cdn-mineru.openxlab.org.cn/result/2026-08-20/d73fea49-650b-4b35-8033-c98ab685f1e8/4a99f66bcee4dd632eb210ed8475bff7aa0a61309aa0b3c7c195c1cbb6144f54.jpg,source/raw/full_book/part_001_200/images/image_017.jpg,../raw/full_book/part_001_200/images/image_017.jpg,word/media/rId91.jpg,rId91,17,5981,9a270dd54e403c7f69b2f047aeb2678168e69d4279c11ac494fb8618cd5578b3,verified one-to-one
FB-I018,part_001_200,65,66,FB-P066,1,160:327:198:384,https://cdn-mineru.openxlab.org.cn/result/2026-08-20/d73fea49-650b-4b35-8033-c98ab685f1e8/affab034c5e8301d48f611f4197e7437ff171fa15551ee22286343eb069370e1.jpg,source/raw/full_book/part_001_200/images/image_018.jpg,../raw/full_book/part_001_200/images/image_018.jpg,word/media/rId98.jpg,rId98,18,5940,a9f5a79e0ec9fb6c51c0ae764dbb29832fc8d3fde51c62eb61fddd671fc67b97,verified one-to-one
FB-I019,part_001_200,65,66,FB-P066,3,398:326:438:387,https://cdn-mineru.openxlab.org.cn/result/2026-08-20/d73fea49-650b-4b35-8033-c98ab685f1e8/08e239babfe2428f5652f13bc641e6a0c67d1908caff150a332632ea9a18116a.jpg,source/raw/full_book/part_001_200/images/image_019.jpg,../raw/full_book/part_001_200/images/image_019.jpg,word/media/rId101.jpg,rId101,19,6133,a1aeed593de2ac2c952c5ea635fec69eb3705c4747121d2261e1160c36ff2d53,verified one-to-one
FB-I020,part_001_200,73,74,FB-P074,1,173:333:210:390,https://cdn-mineru.openxlab.org.cn/result/2026-08-20/d73fea49-650b-4b35-8033-c98ab685f1e8/f44214e51faf280cd1a76205e7043c4d51af3a9a1b951b51a29f7356eca4c935.jpg,source/raw/full_book/part_001_200/images/image_020.jpg,../raw/full_book/part_001_200/images/image_020.jpg,word/media/rId108.jpg,rId108,20,5767,9c550f4f97009b99872d6ad9052419b858aaa041e006887e9abc40b419ee803c,verified one-to-one
FB-I021,part_001_200,73,74,FB-P074,3,411:331:451:393,https://cdn-mineru.openxlab.org.cn/result/2026-08-20/d73fea49-650b-4b35-8033-c98ab685f1e8/f84ca1b0b2dee0b2459e729668a0d97ac921bfee077db581ee395db86923141f.jpg,source/raw/full_book/part_001_200/images/image_021.jpg,../raw/full_book/part_001_200/images/image_021.jpg,word/media/rId111.jpg,rId111,21,6167,b3ea849c8514c77fe7ca3a27425883fb673353d4130b25a433c7f5a32e489d61,verified one-to-one
FB-I022,part_001_200,83,84,FB-P084,1,165:333:202:391,https://cdn-mineru.openxlab.org.cn/result/2026-08-20/d73fea49-650b-4b35-8033-c98ab685f1e8/69ec9167edab66be0fcf5c3132915b5422595d4a8438dc4f61b9fcf8e84adc26.jpg,source/raw/full_book/part_001_200/images/image_022.jpg,../raw/full_book/part_001_200/images/image_022.jpg,word/media/rId118.jpg,rId118,22,5851,0ed3fb6f2221771c14d7adf87b3ca6e8b0447851e40f6dc7d8ea642fe0f23ed1,verified one-to-one
FB-I023,part_001_200,83,84,FB-P084,3,404:330:443:392,https://cdn-mineru.openxlab.org.cn/result/2026-08-20/d73fea49-650b-4b35-8033-c98ab685f1e8/1705e788d2ca844840129b4a980365e2148c2d5d7b8e07234077a394ebc12118.jpg,source/raw/full_book/part_001_200/images/image_023.jpg,../raw/full_book/part_001_200/images/image_023.jpg,word/media/rId121.jpg,rId121,23,6042,5b123b6ed8d1292b936a987637ef2069602b901606b824dde1402a0157726754,verified one-to-one
FB-I024,part_001_200,91,92,FB-P092,1,170:323:208:380,https://cdn-mineru.openxlab.org.cn/result/2026-08-20/d73fea49-650b-4b35-8033-c98ab685f1e8/09967d40465bd69943f4e4bb90f3629d5a451234ab84101bf918fee945a9cb60.jpg,source/raw/full_book/part_001_200/images/image_024.jpg,../raw/full_book/part_001_200/images/image_024.jpg,word/media/rId127.jpg,rId127,24,5723,2485be47745e3a5c89fb5d8bb0cad6bf46d75859a41498594f08f402fa395ff5,verified one-to-one
FB-I025,part_001_200,91,92,FB-P092,3,409:321:449:383,https://cdn-mineru.openxlab.org.cn/result/2026-08-20/d73fea49-650b-4b35-8033-c98ab685f1e8/a096670b4946b037e9ff90c367cf5e8598ec7590a94a5a9b8c568b4a1a59dd09.jpg,source/raw/full_book/part_001_200/images/image_025.jpg,../raw/full_book/part_001_200/images/image_025.jpg,word/media/rId130.jpg,rId130,25,5907,dd65d0851cf68b013979c01a5bf44e6e4a8068a5349677e060d025207d302ca7,verified one-to-one
FB-I026,part_001_200,97,98,FB-P098,1,163:329:202:387,https://cdn-mineru.openxlab.org.cn/result/2026-08-20/d73fea49-650b-4b35-8033-c98ab685f1e8/1171c4e87a3f82286dd5e9036c6bd8f9f130e95d9ea8e9db81a7df2db64570a1.jpg,source/raw/full_book/part_001_200/images/image_026.jpg,../raw/full_book/part_001_200/images/image_026.jpg,word/media/rId135.jpg,rId135,26,5926,0fd52b14f48e8520c48f337d8051124b70a639c39bc1e22f48558140b0053774,verified one-to-one
FB-I027,part_001_200,97,98,FB-P098,3,402:330:443:392,https://cdn-mineru.openxlab.org.cn/result/2026-08-20/d73fea49-650b-4b35-8033-c98ab685f1e8/cafccf667dcbdd4970cea9c0699cfe3a31034eba3aff2903fe14ada59ab2b5ef.jpg,source/raw/full_book/part_001_200/images/image_027.jpg,../raw/full_book/part_001_200/images/image_027.jpg,word/media/rId138.jpg,rId138,27,6098,ef29a620b0c0a2dcc14dc40e9f0f6860dd8c914f144ae551bbf232b86d19834c,verified one-to-one
FB-I028,part_001_200,109,110,FB-P110,1,177:328:214:386,https://cdn-mineru.openxlab.org.cn/result/2026-08-20/d73fea49-650b-4b35-8033-c98ab685f1e8/74f4d8deec94670e3c58d7666d873952158711f6a85ea869c3e30b3bed558f99.jpg,source/raw/full_book/part_001_200/images/image_028.jpg,../raw/full_book/part_001_200/images/image_028.jpg,word/media/rId147.jpg,rId147,28,5935,1b8b0291623ac068153e9701950c6cd5fa0b21d620ba5609b090e192fed0b9ac,verified one-to-one
FB-I029,part_001_200,109,110,FB-P110,3,415:328:455:390,https://cdn-mineru.openxlab.org.cn/result/2026-08-20/d73fea49-650b-4b35-8033-c98ab685f1e8/2f947c566f119de6382435adc749d2578b753d2f3c4a82c4d1446350b156f5d4.jpg,source/raw/full_book/part_001_200/images/image_029.jpg,../raw/full_book/part_001_200/images/image_029.jpg,word/media/rId150.jpg,rId150,29,6149,96353eecb5bc0c19f42dc56af52f2e60ae790d9ae379041cf4f43d6ef34f34d9,verified one-to-one
FB-I030,part_001_200,119,120,FB-P120,1,165:327:202:385,https://cdn-mineru.openxlab.org.cn/result/2026-08-20/d73fea49-650b-4b35-8033-c98ab685f1e8/b6e17de2b70a96e288cf82f064c8b37438023fa646fdf6e1a281c014c611b03c.jpg,source/raw/full_book/part_001_200/images/image_030.jpg,../raw/full_book/part_001_200/images/image_030.jpg,word/media/rId156.jpg,rId156,30,6077,d4e754cb9fabe3beefd3af7f15bc468176ff8578ecc1218933f7db610cf2daca,verified one-to-one
FB-I031,part_001_200,119,120,FB-P120,3,404:323:444:387,https://cdn-mineru.openxlab.org.cn/result/2026-08-20/d73fea49-650b-4b35-8033-c98ab685f1e8/4c462869f0cb6ca4293edc669e676ec426d7ead719c4f003be41fda635a32bd6.jpg,source/raw/full_book/part_001_200/images/image_031.jpg,../raw/full_book/part_001_200/images/image_031.jpg,word/media/rId159.jpg,rId159,31,6236,821efe211e179509081d703d0d4247b219de04abdab4a14301c2a9beef539296,verified one-to-one
FB-I032,part_001_200,135,136,FB-P136,2,161:331:198:389,https://cdn-mineru.openxlab.org.cn/result/2026-08-20/d73fea49-650b-4b35-8033-c98ab685f1e8/c931d73ab8a2924fa7aaf86c7c78258e2cc5a09a4f98bce2a8610c9b404fc11b.jpg,source/raw/full_book/part_001_200/images/image_032.jpg,../raw/full_book/part_001_200/images/image_032.jpg,word/media/rId167.jpg,rId167,32,6066,4facc634a10d1dccc441f277dc5560d270d2cae7288ea08b4bea4d4c5bf3a110,verified one-to-one
FB-I033,part_001_200,135,136,FB-P136,4,401:330:440:392,https://cdn-mineru.openxlab.org.cn/result/2026-08-20/d73fea49-650b-4b35-8033-c98ab685f1e8/aeb544e5dd46851514c27a00dd3ffb2e6ec068f7ec639547587de3850414430a.jpg,source/raw/full_book/part_001_200/images/image_033.jpg,../raw/full_book/part_001_200/images/image_033.jpg,word/media/rId170.jpg,rId170,33,6148,6a350033946e5caa8e426c9074affb6ad5823ffe54583e45f6f7eee1fbfcb13a,verified one-to-one
FB-I034,part_001_200,145,146,FB-P146,1,170:323:208:382,https://cdn-mineru.openxlab.org.cn/result/2026-08-20/d73fea49-650b-4b35-8033-c98ab685f1e8/df96768977bedec294ec8eb459a3f505e28963202b5f922e4c9e2e4c73a79cd7.jpg,source/raw/full_book/part_001_200/images/image_034.jpg,../raw/full_book/part_001_200/images/image_034.jpg,word/media/rId177.jpg,rId177,34,5872,754700a650fc669e99937c8ef796e6bde8c7fe94c378c5d8f39adcae55497e90,verified one-to-one
FB-I035,part_001_200,145,146,FB-P146,3,408:322:449:383,https://cdn-mineru.openxlab.org.cn/result/2026-08-20/d73fea49-650b-4b35-8033-c98ab685f1e8/e5b7507fb50c4e18e238503dc68fee7eceb3f0afe4d5e4a8e50a332a840304d6.jpg,source/raw/full_book/part_001_200/images/image_035.jpg,../raw/full_book/part_001_200/images/image_035.jpg,word/media/rId180.jpg,rId180,35,6222,a446c4f3268c9a7dd2c06916ed34801ed4c84272ccc08390aa9f217dd54a70bf,verified one-to-one
FB-I036,part_001_200,161,162,FB-P162,1,166:321:204:379,https://cdn-mineru.openxlab.org.cn/result/2026-08-20/d73fea49-650b-4b35-8033-c98ab685f1e8/535da128e073b790096291c7f5899592aad56fdf21241731504966475229f372.jpg,source/raw/full_book/part_001_200/images/image_036.jpg,../raw/full_book/part_001_200/images/image_036.jpg,word/media/rId190.jpg,rId190,36,5890,e12426472a1ae03df9e834decb5e4465233964b18a3e1e9316931f959e55fefc,verified one-to-one
FB-I037,part_001_200,161,162,FB-P162,3,405:320:445:383,https://cdn-mineru.openxlab.org.cn/result/2026-08-20/d73fea49-650b-4b35-8033-c98ab685f1e8/3a746105defd1f66ebf98996d1644b18f0de5598bf026ca2e30d01ed93fb0bd1.jpg,source/raw/full_book/part_001_200/images/image_037.jpg,../raw/full_book/part_001_200/images/image_037.jpg,word/media/rId193.jpg,rId193,37,6213,d764a87dc7cc49b9f7e0dd64ac2ae40c07ac5e66452209a6f54e215f8bf03523,verified one-to-one
FB-I038,part_001_200,165,166,FB-P166,2,167:336:205:393,https://cdn-mineru.openxlab.org.cn/result/2026-08-20/d73fea49-650b-4b35-8033-c98ab685f1e8/04364ee08bc1732e94637081ddb8b91d6ff78513f6605350ceba0221a1731cea.jpg,source/raw/full_book/part_001_200/images/image_038.jpg,../raw/full_book/part_001_200/images/image_038.jpg,word/media/rId199.jpg,rId199,38,5770,ce733041a97f2676a3ca6428d9e15df9527833c032aa3cb47d380d3137bd32ae,verified one-to-one
FB-I039,part_001_200,165,166,FB-P166,4,406:334:446:396,https://cdn-mineru.openxlab.org.cn/result/2026-08-20/d73fea49-650b-4b35-8033-c98ab685f1e8/e0e44492ec51c627d1b26d51a830afde0a8d45d7eca5bf33fcdd910f6b950438.jpg,source/raw/full_book/part_001_200/images/image_039.jpg,../raw/full_book/part_001_200/images/image_039.jpg,word/media/rId202.jpg,rId202,39,6174,bf988b99c61a9bd12d7a7078f27ac0b7e65009b4cf51e2237b3159380fedbda7,verified one-to-one
FB-I040,part_001_200,177,178,FB-P178,1,169:330:207:387,https://cdn-mineru.openxlab.org.cn/result/2026-08-20/d73fea49-650b-4b35-8033-c98ab685f1e8/94a1056b9bf44c6ebc159ce6251ac48c38475561ef4c87368f2ce40c16d65e1b.jpg,source/raw/full_book/part_001_200/images/image_040.jpg,../raw/full_book/part_001_200/images/image_040.jpg,word/media/rId209.jpg,rId209,40,5868,375df608d4db6f1e552378fedcdcd754327b4811b15eb6655536b478788dd216,verified one-to-one
FB-I041,part_001_200,177,178,FB-P178,3,408:327:448:388,https://cdn-mineru.openxlab.org.cn/result/2026-08-20/d73fea49-650b-4b35-8033-c98ab685f1e8/d262bab93662c8b650f55b8d90119004146d3a2bba865d3fcabc771d52c52714.jpg,source/raw/full_book/part_001_200/images/image_041.jpg,../raw/full_book/part_001_200/images/image_041.jpg,word/media/rId212.jpg,rId212,41,5849,e402ba0c509b9055d1748433aa32e002b239f9ce47131b873a9c5da0bc033a35,verified one-to-one
FB-I042,part_001_200,183,184,FB-P184,1,158:330:196:389,https://cdn-mineru.openxlab.org.cn/result/2026-08-20/d73fea49-650b-4b35-8033-c98ab685f1e8/66bfd2e895fa5628e31dfddff5e02f214afb803e129659e51739ee71caeb703e.jpg,source/raw/full_book/part_001_200/images/image_042.jpg,../raw/full_book/part_001_200/images/image_042.jpg,word/media/rId218.jpg,rId218,42,6009,4df0930ef8202886f0f82147e30ca581b0e9226d010e694b1ccf0a14ec51dc67,verified one-to-one
FB-I043,part_001_200,183,184,FB-P184,3,398:329:437:391,https://cdn-mineru.openxlab.org.cn/result/2026-08-20/d73fea49-650b-4b35-8033-c98ab685f1e8/0ff24424721e8fe18edd4abd15fbd8c116a2e4375ecf575c5630ed5e9816fb23.jpg,source/raw/full_book/part_001_200/images/image_043.jpg,../raw/full_book/part_001_200/images/image_043.jpg,word/media/rId221.jpg,rId221,43,6062,dbf4aa60a4a27b9ad426221268ddf369fe8ec3c48a5e37c520f656b24fd4653b,verified one-to-one
FB-I044,part_001_200,187,188,FB-P188,1,173:324:211:382,https://cdn-mineru.openxlab.org.cn/result/2026-08-20/d73fea49-650b-4b35-8033-c98ab685f1e8/51472ce23f6dc014f057b962f81cdb446c80d6c1c3179d2f2deb5fbeea9d28a9.jpg,source/raw/full_book/part_001_200/images/image_044.jpg,../raw/full_book/part_001_200/images/image_044.jpg,word/media/rId227.jpg,rId227,44,5957,d46ad0b040f9577298546f13fabafd1da2648e1a83506ee9b75312158230e69e,verified one-to-one
FB-I045,part_001_200,187,188,FB-P188,3,412:322:453:383,https://cdn-mineru.openxlab.org.cn/result/2026-08-20/d73fea49-650b-4b35-8033-c98ab685f1e8/e9c4a29ca4fafb7288aad9c378bfc4ad414cedb7e7a2340db9ad96f899d35b92.jpg,source/raw/full_book/part_001_200/images/image_045.jpg,../raw/full_book/part_001_200/images/image_045.jpg,word/media/rId230.jpg,rId230,45,6131,0e44a6f13df9ec274c1eb4c1b0531904f5eb5550ab4ae8b9c63f92aab1792735,verified one-to-one
FB-I046,part_001_200,191,192,FB-P192,1,169:329:207:387,https://cdn-mineru.openxlab.org.cn/result/2026-08-20/d73fea49-650b-4b35-8033-c98ab685f1e8/c1ae7bf6956142300c8465daaa1c3ce01f5ed9ff03ebc18e479ad51400b46966.jpg,source/raw/full_book/part_001_200/images/image_046.jpg,../raw/full_book/part_001_200/images/image_046.jpg,word/media/rId236.jpg,rId236,46,5945,b1d0c60bb6d6d28e96eff3d183c6848c5c2cc0f4e4989e05ea05d032e4061665,verified one-to-one
FB-I047,part_001_200,191,192,FB-P192,4,408:327:448:389,https://cdn-mineru.openxlab.org.cn/result/2026-08-20/d73fea49-650b-4b35-8033-c98ab685f1e8/446617566b18d1cfb7ec057c17aaffb3ce06f529aec306c538a39f45d8fa2607.jpg,source/raw/full_book/part_001_200/images/image_047.jpg,../raw/full_book/part_001_200/images/image_047.jpg,word/media/rId239.jpg,rId239,47,6054,b2e4b32be84d4889bac7cb9abe357df0badb2aaa7aa4754eecb712753349b70d,verified one-to-one
FB-I048,part_001_200,197,198,FB-P198,1,163:326:201:385,https://cdn-mineru.openxlab.org.cn/result/2026-08-20/d73fea49-650b-4b35-8033-c98ab685f1e8/00ba58ab1481dacc17241906790ced53f78b4d84dea2d8bc599a9a837221b820.jpg,source/raw/full_book/part_001_200/images/image_048.jpg,../raw/full_book/part_001_200/images/image_048.jpg,word/media/rId245.jpg,rId245,48,5999,ef19ab54027be47c32fae1d971988e0498c16942d06ee8d1fce5178031ccc2d8,verified one-to-one
FB-I049,part_001_200,197,198,FB-P198,3,401:324:442:386,https://cdn-mineru.openxlab.org.cn/result/2026-08-20/d73fea49-650b-4b35-8033-c98ab685f1e8/8c38aeb26543210abd957fae05dce8c245989b52abcc8f8a71965321502070cf.jpg,source/raw/full_book/part_001_200/images/image_049.jpg,../raw/full_book/part_001_200/images/image_049.jpg,word/media/rId248.jpg,rId248,49,6304,5f7af827586b07533d0f338644c9afa641bc3a20f87e10d8313e22d57bd42301,verified one-to-one
FB-I050,part_201_243,3,204,FB-P204,1,163:329:201:387,https://cdn-mineru.openxlab.org.cn/result/2026-08-20/4f57b214-c2da-446d-a55e-cf99693f7a36/0b06d4e02fc785323d79068c3dd7568e4985c7e81bd32599778a4e41545e35a8.jpg,source/raw/full_book/part_201_243/images/image_001.jpg,../raw/full_book/part_201_243/images/image_001.jpg,word/media/rId11.jpg,rId11,1,6102,de3389401490ab03422db0580bcbed988fcf304ee4efeb711be01280ebaa3320,verified one-to-one
FB-I051,part_201_243,3,204,FB-P204,3,402:328:441:390,https://cdn-mineru.openxlab.org.cn/result/2026-08-20/4f57b214-c2da-446d-a55e-cf99693f7a36/7bb088b733f42adfb91c4434efebe0f17baa43172993e2ebd41c7952a07d65cd.jpg,source/raw/full_book/part_201_243/images/image_002.jpg,../raw/full_book/part_201_243/images/image_002.jpg,word/media/rId14.jpg,rId14,2,6133,98e86ce1ce0a2e53ffb9b670375473e392014190464a1700aefaefacd8faf522,verified one-to-one
FB-I052,part_201_243,9,210,FB-P210,1,191:325:230:385,https://cdn-mineru.openxlab.org.cn/result/2026-08-20/4f57b214-c2da-446d-a55e-cf99693f7a36/ca39f9ca3176f20ed2a6d14fba9babec4e795b785d71728616792aa85544b1e5.jpg,source/raw/full_book/part_201_243/images/image_003.jpg,../raw/full_book/part_201_243/images/image_003.jpg,word/media/rId21.jpg,rId21,3,5946,1c01c7975da53c88a298fada70d8bec3289d3ab1a1d9a3e33445baa6d378a75f,verified one-to-one
FB-I053,part_201_243,9,210,FB-P210,3,377:324:418:387,https://cdn-mineru.openxlab.org.cn/result/2026-08-20/4f57b214-c2da-446d-a55e-cf99693f7a36/36331ad22f260233d67990c75ee3e401c360027432373f78a051d06ef8cf2387.jpg,source/raw/full_book/part_201_243/images/image_004.jpg,../raw/full_book/part_201_243/images/image_004.jpg,word/media/rId24.jpg,rId24,4,6166,6668c7a0fcc2953797046143206f42b6f1202fe81dcac7454ce20fbbda015587,verified one-to-one
FB-I054,part_201_243,21,222,FB-P222,1,174:318:213:377,https://cdn-mineru.openxlab.org.cn/result/2026-08-20/4f57b214-c2da-446d-a55e-cf99693f7a36/0a5d937dbc909a20bd8c86ca5024e2520e431522c03b329c9cebc8e4d38c521b.jpg,source/raw/full_book/part_201_243/images/image_005.jpg,../raw/full_book/part_201_243/images/image_005.jpg,word/media/rId33.jpg,rId33,5,6000,a7d64f056850613b2b65350496db7af492bf7e9fcd8751f35e66a0b9a4abe200,verified one-to-one
FB-I055,part_201_243,21,222,FB-P222,3,413:319:456:381,https://cdn-mineru.openxlab.org.cn/result/2026-08-20/4f57b214-c2da-446d-a55e-cf99693f7a36/ac0ac9d622f02645fd88b12e058bc1884c6a00a5832fdab19556f2e007bca249.jpg,source/raw/full_book/part_201_243/images/image_006.jpg,../raw/full_book/part_201_243/images/image_006.jpg,word/media/rId36.jpg,rId36,6,6309,e735964400cf6be42b67e55da61e1d07492b50b70d93af696d062cb7bff2fd93,verified one-to-one
FB-I056,part_201_243,27,228,FB-P228,1,167:332:204:390,https://cdn-mineru.openxlab.org.cn/result/2026-08-20/4f57b214-c2da-446d-a55e-cf99693f7a36/8e3e7fba93b3df27985f9fefdf46d3cd1bbff37e860995acb53197b8d506ad4a.jpg,source/raw/full_book/part_201_243/images/image_007.jpg,../raw/full_book/part_201_243/images/image_007.jpg,word/media/rId42.jpg,rId42,7,5907,551ff0822b7aed448f1124b2af9023d6d728ba7b298d0f2732cdec6f8d750c94,verified one-to-one
FB-I057,part_201_243,27,228,FB-P228,3,406:333:445:396,https://cdn-mineru.openxlab.org.cn/result/2026-08-20/4f57b214-c2da-446d-a55e-cf99693f7a36/34f41e035160fd7457fa7182ee5234227b1e39a292e1e2563eacac6b6a2142e1.jpg,source/raw/full_book/part_201_243/images/image_008.jpg,../raw/full_book/part_201_243/images/image_008.jpg,word/media/rId45.jpg,rId45,8,6071,520a79152494c15a51cec5a4a8471132e308d267efa328c8886cf401193fd00b,verified one-to-one
FB-I058,part_201_243,37,238,FB-P238,1,168:330:205:388,https://cdn-mineru.openxlab.org.cn/result/2026-08-20/4f57b214-c2da-446d-a55e-cf99693f7a36/26668ef3021254c6bdd095e446497517ec464a0033f919abab1fb3c9a2aded3e.jpg,source/raw/full_book/part_201_243/images/image_009.jpg,../raw/full_book/part_201_243/images/image_009.jpg,word/media/rId53.jpg,rId53,9,5939,7ae66f87c72dd5ff0f552bd08a9cef503398dfe5ba294fc62751ba44d765fbfa,verified one-to-one
FB-I059,part_201_243,37,238,FB-P238,3,408:330:447:392,https://cdn-mineru.openxlab.org.cn/result/2026-08-20/4f57b214-c2da-446d-a55e-cf99693f7a36/9484b2c6252bb3819431b26c2404351ecbb43eab41ab515b9f08fb498ea8dda7.jpg,source/raw/full_book/part_201_243/images/image_010.jpg,../raw/full_book/part_201_243/images/image_010.jpg,word/media/rId56.jpg,rId56,10,6123,4496651c56305697ae476133f3bb7688463aafffdfdd30a3417bb6a568e27cc4,verified one-to-one
