source_page_id,part,local_page_idx,input_pdf_page,printed_page,section_file,chapter_or_section,block_sequence,block_types,block_bboxes,image_ids,footnote_ids,discarded_header_text,discarded_footer_or_page_number,mapping_status,note
FB-P001,part_001_200,0,1,Unknown,00_front_matter.md,front matter,0:image|1:text|2:title|3:text,image|text|title|text,0:0:0:595:628|1:180:648:412:673|2:139:684:455:773|3:241:806:354:827,FB-I001,,,,mapped,
FB-P002,part_001_200,1,2,Unknown,00_front_matter.md,front matter,0:title|1:image|2:text|3:text,title|image|text|text,0:161:77:395:257|1:23:681:182:811|2:334:783:535:800|3:389:804:481:820,FB-I002,,,,mapped,
FB-P003,part_001_200,2,3,Unknown,00_front_matter.md,front matter,0:title|1:text|2:title|3:text|4:text,title|text|title|text|text,0:140:332:498:481|1:201:516:421:538|2:174:552:446:628|3:132:709:498:728|4:85:774:345:793,,,,,mapped,
FB-P004,part_001_200,3,4,Unknown,00_front_matter.md,front matter,0:text|1:text|2:text|3:title|4:text|5:text|6:text|7:text|8:title|9:text|10:text|11:text|12:text|13:text|14:text|15:text|16:text|17:text|18:text|19:text|20:text|21:text|22:text|23:text|24:text,text|text|text|title|text|text|text|text|title|text|text|text|text|text|text|text|text|text|text|text|text|text|text|text|text,0:210:86:408:103|1:105:106:512:161|2:154:164:465:180|3:103:191:273:210|4:103:221:517:262|5:119:265:281:282|6:104:293:518:334|7:120:344:451:364|8:105:387:271:406|9:105:431:225:450|10:105:452:225:472|11:106:474:225:493|12:107:495:226:514|13:107:517:286:536|14:106:538:429:558|15:107:560:303:580|16:107:582:295:600|17:107:602:492:622|18:108:624:243:644|19:108:645:288:665|20:108:667:431:686|21:109:690:240:708|22:109:709:476:730|23:109:733:240:752|24:382:774:523:793,,,,,mapped,
FB-P005,part_001_200,4,5,1,00_front_matter.md,front matter,1:title|2:text|3:text|4:text|5:text|6:text|7:text|8:text|9:text,title|text|text|text|text|text|text|text|text,1:193:218:286:246|2:167:266:272:287|3:475:328:508:344|4:124:375:384:393|5:96:399:510:536|6:126:540:449:558|7:98:564:512:678|8:98:682:513:724|9:100:730:514:796,,,译者序,1,mapped,
FB-P006,part_001_200,5,6,2,00_front_matter.md,front matter,0:title|1:text|2:text|3:text|4:text,title|text|text|text|text,0:5:59:224:81|1:102:93:517:253|2:103:259:518:419|3:104:424:518:537|4:105:542:520:728,,,,2,mapped,
FB-P007,part_001_200,6,7,3,00_front_matter.md,front matter,1:title|2:text|3:text|4:text|5:text|6:text|7:text|8:text,title|text|text|text|text|text|text|text,1:189:210:250:237|2:160:260:236:279|3:89:321:503:457|4:91:463:503:527|5:122:533:377:551|6:92:557:506:669|7:93:674:506:717|8:94:722:508:788,,,前言,3,mapped,
FB-P008,part_001_200,7,8,4,00_front_matter.md,front matter,0:title|1:text|2:text|3:text|4:text|5:text|6:text|7:text|8:text|9:text|10:text,title|text|text|text|text|text|text|text|text|text|text,0:5:51:224:73|1:103:84:516:126|2:103:133:516:173|3:104:203:517:292|4:104:298:518:387|5:105:393:518:435|6:105:440:518:529|7:105:535:518:577|8:105:583:519:648|9:106:654:521:768|10:138:772:520:791,,,,4,mapped,
FB-P009,part_001_200,8,9,5,00_front_matter.md,front matter,1:text|2:text|3:text|4:text|5:text|6:text|7:text|8:text|9:text|10:text|11:text|12:text|13:text|14:text,text|text|text|text|text|text|text|text|text|text|text|text|text|text,1:91:89:147:107|2:89:112:502:155|3:90:159:503:202|4:120:207:467:225|5:121:231:285:248|6:121:254:492:273|7:93:279:505:321|8:92:325:506:416|9:92:420:506:487|10:94:490:506:534|11:123:538:501:557|12:94:562:508:629|13:95:634:508:700|14:124:705:441:724,,FB-F001,前言,5,mapped,
FB-P010,part_001_200,9,10,6,00_front_matter.md,front matter,0:title|1:text|2:text|3:text|4:text|5:text|6:text|7:text|8:text|9:text|10:text|11:text|12:text,title|text|text|text|text|text|text|text|text|text|text|text|text,0:2:59:221:80|1:100:91:514:133|2:101:139:514:203|3:101:209:515:252|4:101:257:514:298|5:131:304:480:322|6:132:328:463:346|7:101:351:516:417|8:102:422:517:512|9:103:517:517:584|10:104:588:517:631|11:105:660:518:725|12:105:730:520:797,,,,6,mapped,
FB-P011,part_001_200,10,11,7,00_front_matter.md,front matter,1:text|2:text|3:text|4:text|5:text|6:text|7:text|8:text|9:title|10:text|11:text|12:text,text|text|text|text|text|text|text|text|title|text|text|text,1:93:76:505:119|2:94:124:507:190|3:94:195:508:261|4:96:266:509:332|5:96:336:511:451|6:99:455:512:497|7:100:501:512:546|8:101:549:513:592|9:131:597:319:616|10:104:620:515:663|11:102:668:517:736|12:105:739:517:781,,,前言,7,mapped,
FB-P012,part_001_200,11,12,9,00_front_matter.md,front matter,1:image|2:title|3:text|4:text,image|title|text|text,1:135:207:194:280|2:196:206:260:235|3:193:255:290:277|4:131:315:518:786,FB-I003,,目录,9,mapped,
FB-P013,part_001_200,12,13,10,00_front_matter.md,front matter,0:text,text,0:122:73:508:284,,,,10,mapped,
FB-P014,part_001_200,13,14,Unknown,01_chapter_01.md,Chapter 1: 大地主的儿子和贫农的儿子,0:title|1:image|2:text|3:image|4:text|5:text,title|image|text|image|text|text,0:146:108:464:186|1:169:336:207:393|2:209:340:404:407|3:408:332:448:395|4:172:410:449:480|5:174:482:452:551,FB-I004|FB-I005,,,,mapped,
FB-P015,part_001_200,14,15,2,01_chapter_01.md,Chapter 1: 大地主的儿子和贫农的儿子,0:title|1:text|2:text|3:text|4:text|5:text|6:text|7:text|8:text|9:text|10:text|11:text|12:text,title|text|text|text|text|text|text|text|text|text|text|text|text,0:4:44:217:67|1:124:78:398:98|2:95:102:509:146|3:94:150:509:264|4:93:269:508:335|5:94:341:508:381|6:123:387:287:405|7:92:412:508:477|8:92:483:506:526|9:92:531:508:620|10:92:626:506:667|11:92:673:506:715|12:121:720:506:739,,FB-F002,,2,mapped,
FB-P016,part_001_200,15,16,3,01_chapter_01.md,Chapter 1: 大地主的儿子和贫农的儿子,2:text|3:text|4:text|5:text|6:text|7:text|8:text|9:text|10:text|11:text,text|text|text|text|text|text|text|text|text|text,2:89:84:505:151|3:90:156:506:246|4:122:250:377:268|5:92:273:507:364|6:92:368:508:435|7:94:439:508:482|8:96:487:508:530|9:95:534:511:625|10:96:628:511:720|11:127:724:512:743,,FB-F003,1. 大地主的儿子和贫农的儿子,3,mapped,
FB-P017,part_001_200,16,17,4,01_chapter_01.md,Chapter 1: 大地主的儿子和贫农的儿子,0:title|1:text|2:text|3:text|4:text,title|text|text|text|text,0:4:54:224:76|1:100:86:326:106|2:130:110:477:129|3:101:134:517:201|4:101:205:518:248,,,,4,mapped,
FB-P018,part_001_200,17,18,Unknown,02_chapter_02.md,Chapter 2: “海归”和离家出走的少年,0:title|1:title|2:image|3:text|4:image|5:text,title|title|image|text|image|text,0:287:97:315:127|1:145:139:455:170|2:161:322:199:381|3:162:327:396:419|4:400:321:442:383|5:164:421:443:514,FB-I006|FB-I007,,,,mapped,
FB-P019,part_001_200,18,19,6,02_chapter_02.md,Chapter 2: “海归”和离家出走的少年,0:text|1:text|2:text|3:text|4:text|5:text|6:text|7:text|8:text|9:text|10:text|11:text|12:text,text|text|text|text|text|text|text|text|text|text|text|text|text,0:5:48:222:69|1:130:80:456:98|2:100:104:514:146|3:100:152:516:289|4:101:294:515:336|5:101:342:516:383|6:101:389:516:455|7:132:460:432:478|8:133:484:269:501|9:101:508:517:574|10:102:578:518:668|11:133:674:312:692|12:102:698:518:787,,,,6,mapped,
FB-P020,part_001_200,19,20,7,02_chapter_02.md,Chapter 2: “海归”和离家出走的少年,2:text|3:text|4:text|5:text|6:text|7:text|8:text|9:text|10:text|11:text|12:text|13:text,text|text|text|text|text|text|text|text|text|text|text|text,2:88:80:504:196|3:122:201:296:218|4:91:222:506:266|5:92:269:508:385|6:94:387:509:457|7:96:458:511:504|8:97:529:511:575|9:127:577:505:597|10:128:602:479:622|11:100:626:513:669|12:100:672:514:717|13:130:719:514:741,,FB-F004,2. “海归” 和离家出走的少年,7,mapped,
FB-P021,part_001_200,20,21,8,02_chapter_02.md,Chapter 2: “海归”和离家出走的少年,0:title|1:text|2:text|3:text|4:text|5:text|6:text|7:text|8:text|9:text|10:text|11:text|12:text,title|text|text|text|text|text|text|text|text|text|text|text|text,0:4:46:222:67|1:100:78:264:96|2:100:101:515:192|3:102:196:515:239|4:131:244:321:262|5:102:267:516:335|6:102:339:518:525|7:104:529:517:572|8:134:578:313:595|9:104:600:518:642|10:134:647:496:666|11:104:671:518:714|12:135:718:520:737,,FB-F005,,8,mapped,
FB-P022,part_001_200,21,22,9,02_chapter_02.md,Chapter 2: “海归”和离家出走的少年,2:text|3:text|4:text|5:text|6:text|7:text|8:text|9:text|10:text|11:text|12:text|13:text|14:text|15:text,text|text|text|text|text|text|text|text|text|text|text|text|text|text,2:92:88:506:132|3:93:136:508:178|4:94:184:509:227|5:95:230:509:274|6:95:279:511:345|7:126:349:397:368|8:126:374:277:391|9:127:397:261:415|10:96:420:512:510|11:129:516:248:533|12:98:538:513:582|13:99:586:514:653|14:100:656:515:700|15:101:705:516:768,,FB-F006,2. “海归” 和离家出走的少年,9,mapped,
FB-P023,part_001_200,22,23,10,02_chapter_02.md,Chapter 2: “海归”和离家出走的少年,0:title|1:text|2:text|3:text|4:text|5:text|6:text|7:text|8:text|9:text|10:text|11:text|12:text|13:text,title|text|text|text|text|text|text|text|text|text|text|text|text|text,0:3:53:217:75|1:95:86:305:103|2:95:109:511:175|3:95:181:509:222|4:96:228:510:270|5:95:275:511:413|6:96:418:511:459|7:96:464:512:579|8:127:584:368:601|9:98:607:511:649|10:128:654:249:673|11:128:679:385:697|12:128:702:505:720|13:98:726:513:793,,,,10,mapped,
FB-P024,part_001_200,23,24,11,02_chapter_02.md,Chapter 2: “海归”和离家出走的少年,2:text|3:text|4:text|5:text|6:text|7:text|8:text|9:text|10:text|11:text|12:text|13:text|14:text|15:text,text|text|text|text|text|text|text|text|text|text|text|text|text|text,2:92:82:363:101|3:123:105:470:123|4:94:128:508:172|5:95:175:511:267|6:126:272:321:290|7:97:293:511:337|8:97:341:511:385|9:98:388:512:432|10:99:436:513:480|11:99:483:515:552|12:101:555:517:647|13:102:649:517:695|14:103:697:518:743|15:104:745:518:789,,,2. “海归” 和离家出走的少年,11,mapped,
FB-P025,part_001_200,24,25,12,02_chapter_02.md,Chapter 2: “海归”和离家出走的少年,0:title|1:title|2:text|3:text|4:text|5:text|6:text|7:text|8:text|9:text|10:text,title|title|text|text|text|text|text|text|text|text|text,0:4:44:220:66|1:98:77:414:96|2:98:102:513:168|3:98:173:512:216|4:97:221:512:263|5:97:267:513:381|6:97:387:512:452|7:128:458:506:476|8:128:482:368:500|9:97:506:512:571|10:97:577:512:643,,,,12,mapped,
FB-P026,part_001_200,25,26,Unknown,03_chapter_03.md,Chapter 3: 年轻的米店老板和二十出头的大地主,1:title|2:image|3:text|4:image|5:text|6:text|7:text|8:text|9:text|10:text|11:text,title|image|text|image|text|text|text|text|text|text|text,1:91:148:503:181|2:160:334:198:392|3:201:337:395:406|4:399:329:441:392|5:164:409:440:453|6:195:457:375:476|7:195:480:441:499|8:167:503:443:548|9:196:552:412:571|10:168:575:446:619|11:169:622:447:692,FB-I008|FB-I009,,,3,mapped,
FB-P027,part_001_200,26,27,14,03_chapter_03.md,Chapter 3: 年轻的米店老板和二十出头的大地主,0:title|1:text|2:text|3:text|4:text|5:text|6:text|7:text,title|text|text|text|text|text|text|text,0:4:52:222:74|1:99:85:515:151|2:99:158:515:222|3:99:228:514:293|4:99:299:515:437|5:99:441:516:627|6:100:631:516:721|7:131:726:516:745,,,,14,mapped,
FB-P028,part_001_200,27,28,15,03_chapter_03.md,Chapter 3: 年轻的米店老板和二十出头的大地主,2:text|3:text|4:text|5:text|6:text|7:text|8:text|9:text|10:text|11:text|12:text|13:text,text|text|text|text|text|text|text|text|text|text|text|text,2:91:85:508:250|3:94:254:508:298|4:95:301:508:345|5:95:349:509:393|6:126:399:240:416|7:96:421:511:464|8:96:468:511:513|9:98:516:512:560|10:98:564:514:633|11:99:636:514:680|12:130:684:509:704|13:131:707:515:728,,FB-F007|FB-F008,3. 年轻的米店老板和二十出头的大地主,15,mapped,
FB-P029,part_001_200,28,29,16,03_chapter_03.md,Chapter 3: 年轻的米店老板和二十出头的大地主,0:title|1:text|2:text|3:text|4:text|5:text|6:text|7:text|8:text,title|text|text|text|text|text|text|text|text,0:6:51:225:75|1:102:86:517:128|2:133:133:509:154|3:102:158:517:247|4:101:254:515:319|5:101:324:516:389|6:99:395:515:557|7:98:561:514:627|8:97:633:514:771,,,,16,mapped,
FB-P030,part_001_200,29,30,17,03_chapter_03.md,Chapter 3: 年轻的米店老板和二十出头的大地主,2:text|3:text|4:text|5:text|6:text|7:text|8:text|9:text|10:text,text|text|text|text|text|text|text|text|text,2:89:80:504:146|3:90:151:505:217|4:91:222:506:289|5:92:293:507:407|6:95:412:508:455|7:94:459:509:527|8:95:531:509:597|9:96:602:511:645|10:97:648:511:694,,FB-F009,3. 年轻的米店老板和二十出头的大地主,17,mapped,
FB-P031,part_001_200,30,31,18,03_chapter_03.md,Chapter 3: 年轻的米店老板和二十出头的大地主,0:title|1:text|2:text|3:text|4:text|5:text|6:text|7:text|8:text|9:text|10:text|11:text|12:text,title|text|text|text|text|text|text|text|text|text|text|text|text,0:4:48:224:69|1:100:82:516:123|2:101:129:517:195|3:101:201:516:242|4:102:248:515:290|5:101:295:515:337|6:131:343:314:361|7:131:367:462:385|8:100:390:517:528|9:100:533:517:670|10:130:676:371:693|11:130:698:434:717|12:130:723:508:742,,FB-F010,,18,mapped,
FB-P032,part_001_200,31,32,19,03_chapter_03.md,Chapter 3: 年轻的米店老板和二十出头的大地主,2:text|3:text|4:text|5:text|6:text|7:text|8:text|9:text|10:text|11:text|12:text|13:text|14:text,text|text|text|text|text|text|text|text|text|text|text|text|text,2:81:94:497:184|3:83:189:497:254|4:113:260:292:276|5:113:283:358:300|6:83:307:497:349|7:113:355:328:371|8:113:377:495:395|9:84:401:497:444|10:85:449:497:490|11:85:495:499:633|12:85:638:500:705|13:116:709:448:727|14:86:733:501:800,,,3. 年轻的米店老板和二十出头的大地主,19,mapped,
FB-P033,part_001_200,32,33,20,03_chapter_03.md,Chapter 3: 年轻的米店老板和二十出头的大地主,0:title|1:text|2:text,title|text|text,0:6:60:230:82|1:107:93:522:184|2:107:188:521:231,,,,20,mapped,
FB-P034,part_001_200,33,34,Unknown,04_chapter_04.md,Chapter 4: 星标面条和阿道汽车修理厂,0:title|1:image|2:text|3:image|4:text|5:text|6:text,title|image|text|image|text|text|text,0:141:150:456:180|1:161:334:198:392|2:201:340:394:406|3:401:332:439:394|4:165:411:440:454|5:167:458:440:501|6:166:506:443:645,FB-I010|FB-I011,,,,mapped,
FB-P035,part_001_200,34,35,22,04_chapter_04.md,Chapter 4: 星标面条和阿道汽车修理厂,1:text|2:text|3:text|4:text|5:text|6:text|7:text|8:text|9:text|10:text,text|text|text|text|text|text|text|text|text|text,1:104:88:518:130|2:105:135:518:177|3:105:183:518:226|4:105:230:520:273|5:105:278:521:416|6:107:419:521:487|7:108:490:522:583|8:109:585:524:678|9:111:681:524:724|10:112:728:525:769,,FB-F011,从平凡走向辉煌,22,mapped,
FB-P036,part_001_200,35,36,23,04_chapter_04.md,Chapter 4: 星标面条和阿道汽车修理厂,2:text|3:text|4:text|5:text|6:text|7:text|8:text|9:text|10:text|11:text|12:text,text|text|text|text|text|text|text|text|text|text|text,2:92:84:505:151|3:92:156:506:221|4:93:227:506:268|5:93:273:507:316|6:94:321:508:411|7:95:415:509:505|8:95:510:509:576|9:95:581:509:623|10:96:628:510:695|11:127:700:394:717|12:97:724:512:790,,,4. 星标面条和阿道汽车修理厂,23,mapped,
FB-P037,part_001_200,36,37,24,04_chapter_04.md,Chapter 4: 星标面条和阿道汽车修理厂,0:text|1:text|2:text|3:text|4:text|5:text|6:text|7:text|8:text|9:text|10:text,text|text|text|text|text|text|text|text|text|text|text,0:101:87:174:105|1:100:110:515:201|2:101:205:515:343|3:101:347:517:437|4:102:441:517:508|5:103:513:517:579|6:104:584:518:651|7:134:655:389:673|8:135:679:480:697|9:105:702:518:769|10:135:774:518:792,,,,24,mapped,
FB-P038,part_001_200,37,38,25,04_chapter_04.md,Chapter 4: 星标面条和阿道汽车修理厂,2:text|3:text|4:text|5:text|6:text|7:text|8:text|9:text|10:text|11:text|12:text,text|text|text|text|text|text|text|text|text|text|text,2:89:90:176:108|3:88:114:503:156|4:88:161:503:203|5:88:209:504:298|6:89:304:505:441|7:90:445:506:488|8:90:493:506:606|9:92:611:506:654|10:92:659:506:701|11:91:705:506:772|12:122:777:506:795,,,4. 星标面条和阿道汽车修理厂,25,mapped,
FB-P039,part_001_200,38,39,26,04_chapter_04.md,Chapter 4: 星标面条和阿道汽车修理厂,0:title|1:text|2:text|3:text|4:text|5:text|6:text|7:text,title|text|text|text|text|text|text|text,0:6:62:223:82|1:100:93:515:184|2:101:189:516:280|3:102:285:517:351|4:102:356:517:447|5:103:452:518:519|6:104:523:520:711|7:133:715:520:735,,FB-F012|FB-F013,,26,mapped,
FB-P040,part_001_200,39,40,27,04_chapter_04.md,Chapter 4: 星标面条和阿道汽车修理厂,2:text|3:text|4:text|5:text|6:text|7:text,text|text|text|text|text|text,2:94:78:506:121|3:95:126:510:240|4:96:244:511:311|5:98:315:514:525|6:101:528:518:738|7:103:741:518:784,,,4. 星标面条和阿道汽车修理厂,27,mapped,
FB-P041,part_001_200,40,41,28,04_chapter_04.md,Chapter 4: 星标面条和阿道汽车修理厂,0:title|1:text|2:text|3:text|4:text|5:text|6:text,title|text|text|text|text|text|text,0:0:52:211:76|1:89:79:503:126|2:91:127:506:197|3:94:197:506:246|4:95:245:511:363|5:98:362:513:458|6:101:457:516:554,,,,28,mapped,
FB-P042,part_001_200,41,42,Unknown,05_chapter_05.md,Chapter 5: 三星物产公司和现代汽车工业公司,0:title|1:image|2:text|3:image|4:text|5:text,title|image|text|image|text|text,0:105:102:502:177|1:167:328:205:386|2:206:332:401:400|3:405:324:445:387|4:170:403:446:448|5:170:451:447:495,FB-I012|FB-I013,,,,mapped,
FB-P043,part_001_200,42,43,30,05_chapter_05.md,Chapter 5: 三星物产公司和现代汽车工业公司,0:text|1:text|2:text|3:text|4:text|5:text|6:text|7:text,text|text|text|text|text|text|text|text,0:3:52:220:75|1:126:85:506:104|2:96:109:511:177|3:95:182:511:371|4:96:376:511:444|5:96:449:511:516|6:96:522:511:565|7:96:571:512:711,,FB-F014|FB-F015|FB-F016,,30,mapped,
FB-P044,part_001_200,43,44,31,05_chapter_05.md,Chapter 5: 三星物产公司和现代汽车工业公司,2:text|3:text|4:text|5:text|6:text|7:text|8:text|9:text|10:text|11:text|12:text|13:text,text|text|text|text|text|text|text|text|text|text|text|text,2:99:81:513:124|3:99:128:514:171|4:101:175:515:242|5:102:247:516:290|6:103:293:516:337|7:103:342:518:480|8:105:483:518:527|9:106:531:520:574|10:107:578:521:646|11:108:649:521:693|12:108:697:523:764|13:139:767:524:787,,,5. 三星物产公司和现代汽车工业公司,31,mapped,
FB-P045,part_001_200,44,45,32,05_chapter_05.md,Chapter 5: 三星物产公司和现代汽车工业公司,0:title|1:text|2:text|3:text|4:text|5:text|6:text|7:text|8:text|9:text|10:text|11:text,title|text|text|text|text|text|text|text|text|text|text|text,0:4:45:217:67|1:95:79:509:120|2:95:127:509:192|3:124:197:501:217|4:94:222:508:263|5:124:268:364:287|6:94:293:508:357|7:93:364:508:453|8:123:458:453:477|9:92:482:506:596|10:91:601:506:762|11:121:767:505:787,,,,32,mapped,
FB-P046,part_001_200,45,46,33,05_chapter_05.md,Chapter 5: 三星物产公司和现代汽车工业公司,1:text|2:text|3:text|4:text|5:text|6:text|7:text,text|text|text|text|text|text|text,1:97:73:512:141|2:99:145:514:212|3:101:215:514:284|4:103:286:518:475|5:107:499:521:568|6:109:570:524:735|7:111:736:525:781,,,5. 三星物产公司和现代汽车工业公司,33,mapped,
FB-P047,part_001_200,46,47,34,05_chapter_05.md,Chapter 5: 三星物产公司和现代汽车工业公司,0:title|1:text|2:text|3:text|4:text|5:text|6:text|7:text|8:text|9:text|10:text,title|text|text|text|text|text|text|text|text|text|text,0:5:39:220:61|1:96:73:511:139|2:96:145:511:209|3:96:216:511:281|4:94:287:510:424|5:94:429:508:494|6:93:500:508:566|7:93:571:508:637|8:123:667:439:685|9:93:691:507:756|10:123:761:483:780,,,,34,mapped,
FB-P048,part_001_200,47,48,35,05_chapter_05.md,Chapter 5: 三星物产公司和现代汽车工业公司,1:text|2:text|3:text|4:text|5:text|6:text|7:text|8:text|9:text,text|text|text|text|text|text|text|text|text,1:94:77:506:120|2:93:126:508:215|3:94:219:509:286|4:95:291:510:381|5:96:386:510:428|6:96:432:511:523|7:98:527:513:642|8:100:646:514:690|9:100:693:515:737,,,5. 三星物产公司和现代汽车工业公司,35,mapped,
FB-P049,part_001_200,48,49,Unknown,05_chapter_05.md,Chapter 5: 三星物产公司和现代汽车工业公司,,,,,,,,mapped,
FB-P050,part_001_200,49,50,Unknown,06_chapter_06.md,Chapter 6: 理发师的启示,0:title|1:image|2:text|3:image|4:text|5:text|6:text,title|image|text|image|text|text|text,0:229:103:390:175|1:171:328:209:386|2:211:334:404:400|3:409:327:449:389|4:174:405:449:471|5:175:476:451:565|6:174:571:452:685,FB-I014|FB-I015,,,,mapped,
FB-P051,part_001_200,50,51,38,06_chapter_06.md,Chapter 6: 理发师的启示,1:text|2:text|3:text|4:text|5:text|6:text|7:text|8:text|9:text,text|text|text|text|text|text|text|text|text,1:99:87:514:129|2:100:134:514:177|3:101:182:514:224|4:101:229:516:368|5:102:372:518:510|6:135:538:518:628|7:166:634:362:651|8:137:656:518:699|9:136:704:520:770,,,从平凡走向辉煌,38,mapped,
FB-P052,part_001_200,51,52,39,06_chapter_06.md,Chapter 6: 理发师的启示,1:text|2:text|3:text|4:text|5:text|6:text|7:text|8:text|9:text|10:text|11:text,text|text|text|text|text|text|text|text|text|text|text,1:117:88:405:107|2:88:111:501:154|3:89:158:503:226|4:89:230:503:297|5:90:301:504:368|6:91:372:505:439|7:92:444:506:510|8:93:514:506:557|9:93:561:508:629|10:94:633:508:700|11:95:704:509:795,,,6. 理发师的启示,39,mapped,
FB-P053,part_001_200,52,53,40,06_chapter_06.md,Chapter 6: 理发师的启示,0:title|1:text|2:text|3:text|4:text|5:text|6:text|7:text|8:text,title|text|text|text|text|text|text|text|text,0:7:53:224:75|1:103:85:251:103|2:102:134:518:319|3:103:324:517:390|4:103:395:518:508|5:104:514:518:579|6:103:584:518:674|7:105:679:518:722|8:104:727:518:793,,,,40,mapped,
FB-P054,part_001_200,53,54,Unknown,07_chapter_07.md,Chapter 7: 大麦草坪和白糖,0:title|1:image|2:text|3:image,title|image|text|image,0:207:103:395:176|1:163:328:201:386|2:164:333:398:425|3:402:327:442:387,FB-I016|FB-I017,,,,mapped,
FB-P055,part_001_200,54,55,42,07_chapter_07.md,Chapter 7: 大麦草坪和白糖,0:title|1:text|2:text|3:text|4:text|5:text|6:text|7:text|8:text|9:text,title|text|text|text|text|text|text|text|text|text,0:5:47:223:68|1:101:80:516:218|2:102:222:516:311|3:101:317:517:406|4:102:412:517:548|5:133:554:493:572|6:102:578:517:643|7:102:648:517:715|8:102:720:517:762|9:133:767:517:785,,,,42,mapped,
FB-P056,part_001_200,55,56,43,07_chapter_07.md,Chapter 7: 大麦草坪和白糖,1:text|2:text|3:text|4:text|5:text|6:text|7:text|8:text|9:text|10:text|11:text|12:text|13:text|14:text|15:text,text|text|text|text|text|text|text|text|text|text|text|text|text|text|text,1:88:89:502:133|2:89:138:503:180|3:91:184:503:228|4:121:233:436:251|5:90:256:505:324|6:91:326:505:371|7:121:399:344:417|8:94:421:506:464|9:94:469:508:512|10:94:516:509:584|11:95:587:510:654|12:96:658:511:702|13:127:706:398:724|14:98:729:511:773|15:127:775:512:795,,,7. 大麦草坪和白糖,43,mapped,
FB-P057,part_001_200,56,57,44,07_chapter_07.md,Chapter 7: 大麦草坪和白糖,1:text|2:text|3:text|4:text|5:text|6:text|7:text|8:text|9:text|10:text,text|text|text|text|text|text|text|text|text|text,1:98:88:353:107|2:128:113:475:131|3:98:137:513:226|4:98:231:513:297|5:98:302:513:368|6:98:373:513:438|7:99:444:512:486|8:99:491:511:534|9:98:539:514:724|10:99:729:515:794,,,从平凡走向辉煌,44,mapped,
FB-P058,part_001_200,57,58,45,07_chapter_07.md,Chapter 7: 大麦草坪和白糖,1:text|2:text|3:text|4:text|5:text|6:text|7:text|8:text|9:text|10:title|11:text|12:text|13:text|14:text,text|text|text|text|text|text|text|text|text|title|text|text|text|text,1:91:83:505:151|2:93:154:505:196|3:123:202:453:220|4:94:224:506:268|5:124:273:424:291|6:95:295:508:339|7:95:343:509:434|8:97:438:511:505|9:98:508:513:623|10:130:629:269:647|11:133:654:234:671|12:102:674:515:718|13:132:722:463:742|14:103:746:516:790,,,7. 大麦草坪和白糖,45,mapped,
FB-P059,part_001_200,58,59,46,07_chapter_07.md,Chapter 7: 大麦草坪和白糖,0:text|1:text|2:text|3:text|4:text|5:text|6:text|7:text|8:text|9:text|10:text,text|text|text|text|text|text|text|text|text|text|text,0:100:80:143:97|1:99:105:514:171|2:129:176:324:194|3:129:200:430:218|4:100:224:513:266|5:130:272:355:289|6:99:295:514:385|7:99:390:514:480|8:99:484:514:551|9:100:555:514:597|10:99:603:516:788,,,,46,mapped,
FB-P060,part_001_200,59,60,47,07_chapter_07.md,Chapter 7: 大麦草坪和白糖,1:text|2:text|3:text|4:text|5:text|6:text|7:text|8:text|9:text|10:text|11:text|12:text|13:text|14:text,text|text|text|text|text|text|text|text|text|text|text|text|text|text,1:122:83:255:101|2:123:107:288:125|3:93:128:506:172|4:94:176:508:221|5:95:222:508:267|6:95:270:509:338|7:97:341:510:386|8:98:388:511:433|9:100:435:512:481|10:100:482:512:529|11:130:533:385:551|12:102:554:516:648|13:132:650:464:670|14:104:673:520:790,,,7. 大麦草坪和白糖,47,mapped,
FB-P061,part_001_200,60,61,48,07_chapter_07.md,Chapter 7: 大麦草坪和白糖,1:text|2:text|3:text|4:text|5:text|6:text|7:text|8:text|9:text|10:text|11:text|12:text|13:text,text|text|text|text|text|text|text|text|text|text|text|text|text,1:96:83:511:173|2:98:178:511:220|3:98:225:512:291|4:129:297:474:314|5:99:320:512:362|6:99:368:513:457|7:100:463:513:504|8:100:510:514:576|9:100:581:514:623|10:98:628:514:694|11:101:699:514:742|12:132:748:328:764|13:132:771:340:788,,,从平凡走向辉煌,48,mapped,
FB-P062,part_001_200,61,62,49,07_chapter_07.md,Chapter 7: 大麦草坪和白糖,1:text|2:text|3:text|4:text|5:text|6:text|7:text|8:text|9:text|10:text|11:text|12:text|13:text,text|text|text|text|text|text|text|text|text|text|text|text|text,1:121:88:394:107|2:92:109:506:179|3:94:180:508:251|4:96:251:509:298|5:97:298:511:368|6:99:368:512:416|7:101:416:515:487|8:102:486:515:533|9:104:533:518:629|10:107:628:520:676|11:108:676:521:724|12:109:724:522:771|13:139:770:523:794,,,7. 大麦草坪和白糖,49,mapped,
FB-P063,part_001_200,62,63,50,07_chapter_07.md,Chapter 7: 大麦草坪和白糖,0:text|1:text|2:text|3:text|4:text|5:text|6:text|7:text|8:text|9:text|10:text|11:text|12:text|13:text,text|text|text|text|text|text|text|text|text|text|text|text|text|text,0:0:60:211:82|1:88:88:502:133|2:90:135:504:180|3:91:182:505:228|4:92:230:506:276|5:94:277:508:394|6:96:395:510:465|7:97:465:511:513|8:99:514:514:608|9:130:610:370:630|10:101:631:516:703|11:133:705:404:725|12:104:725:517:774|13:132:774:511:796,,,,50,mapped,
FB-P064,part_001_200,63,64,51,07_chapter_07.md,Chapter 7: 大麦草坪和白糖,1:text|2:text|3:text|4:text|5:text|6:text|7:text|8:text|9:text|10:text|11:text,text|text|text|text|text|text|text|text|text|text|text,1:81:83:496:198|2:113:203:413:221|3:114:227:277:244|4:84:249:499:364|5:85:368:499:411|6:116:415:434:433|7:87:438:500:482|8:88:485:502:624|9:89:628:503:696|10:91:698:504:743|11:91:746:506:789,,,7. 大麦草坪和白糖,51,mapped,
FB-P065,part_001_200,64,65,52,07_chapter_07.md,Chapter 7: 大麦草坪和白糖,0:title|1:text|2:text|3:text,title|text|text|text,0:5:49:232:72|1:107:81:357:101|2:106:105:523:173|3:136:177:488:197,,,,52,mapped,
FB-P066,part_001_200,65,66,Unknown,08_chapter_08.md,Chapter 8: 高级布料和高灵桥工程,0:title|1:image|2:text|3:image|4:text|5:text|6:text,title|image|text|image|text|text|text,0:165:102:431:175|1:160:327:198:384|2:161:332:401:423|3:398:326:438:387|4:163:427:438:471|5:163:475:439:518|6:163:522:440:590,FB-I018|FB-I019,,,,mapped,
FB-P067,part_001_200,66,67,54,08_chapter_08.md,Chapter 8: 高级布料和高灵桥工程,0:text|1:text|2:text|3:text|4:text|5:text|6:text|7:text|8:text|9:text|10:text|11:text|12:text,text|text|text|text|text|text|text|text|text|text|text|text|text,0:98:81:511:127|1:129:129:460:150|2:100:152:513:199|3:101:198:514:246|4:103:246:517:341|5:105:341:518:412|6:107:412:520:460|7:108:458:520:507|8:110:506:522:554|9:111:553:523:602|10:113:601:524:649|11:113:648:527:721|12:116:719:530:792,,,,54,mapped,
FB-P068,part_001_200,67,68,55,08_chapter_08.md,Chapter 8: 高级布料和高灵桥工程,2:text|3:text|4:text|5:text|6:text|7:text|8:text|9:text|10:text|11:text,text|text|text|text|text|text|text|text|text|text,2:96:77:510:120|3:97:125:511:167|4:98:172:512:215|5:98:220:513:333|6:130:338:293:355|7:100:362:514:428|8:100:432:515:499|9:101:503:516:593|10:102:598:516:641|11:102:645:518:783,,,8. 高级布料和高灵桥工程,55,mapped,
FB-P069,part_001_200,68,69,56,08_chapter_08.md,Chapter 8: 高级布料和高灵桥工程,0:text|1:text|2:text|3:text|4:text|5:text|6:text|7:text|8:text|9:text|10:text|11:text|12:text,text|text|text|text|text|text|text|text|text|text|text|text|text,0:4:47:215:67|1:124:78:472:96|2:93:102:508:192|3:124:196:473:215|4:94:221:508:286|5:94:292:509:381|6:95:386:509:429|7:95:433:511:546|8:96:552:510:595|9:97:599:511:641|10:128:647:405:665|11:97:670:512:761|12:128:765:513:784,,,,56,mapped,
FB-P070,part_001_200,69,70,57,08_chapter_08.md,Chapter 8: 高级布料和高灵桥工程,1:text|2:text|3:text|4:text|5:text|6:text|7:text|8:text|9:text|10:text|11:text|12:text|13:text|14:text,text|text|text|text|text|text|text|text|text|text|text|text|text|text,1:99:85:384:103|2:129:109:369:127|3:99:133:513:174|4:100:179:513:222|5:100:227:514:269|6:131:274:388:292|7:131:298:295:316|8:101:321:515:363|9:102:368:516:411|10:102:416:517:458|11:103:463:518:577|12:104:582:517:624|13:105:629:519:696|14:105:700:520:791,,,8. 高级布料和高灵桥工程,57,mapped,
FB-P071,part_001_200,70,71,58,08_chapter_08.md,Chapter 8: 高级布料和高灵桥工程,0:title|1:text|2:text|3:text|4:text|5:text|6:text|7:text|8:text|9:text|10:text|11:text|12:text|13:text|14:text,title|text|text|text|text|text|text|text|text|text|text|text|text|text|text,0:6:54:214:75|1:91:86:506:152|2:122:158:423:175|3:92:181:506:223|4:122:228:483:247|5:92:253:506:294|6:92:299:508:366|7:92:370:507:412|8:94:418:507:460|9:93:464:508:532|10:124:559:485:578|11:95:584:508:626|12:95:630:509:698|13:95:702:510:768|14:126:773:511:791,,,,58,mapped,
FB-P072,part_001_200,71,72,59,08_chapter_08.md,Chapter 8: 高级布料和高灵桥工程,1:text|2:text|3:text|4:text|5:text|6:text|7:text|8:text|9:text|10:text|11:text|12:text|13:text|14:text,text|text|text|text|text|text|text|text|text|text|text|text|text|text,1:100:84:325:102|2:100:107:515:197|3:102:203:515:246|4:102:250:517:317|5:103:321:517:364|6:104:368:517:411|7:104:415:520:530|8:135:534:437:552|9:105:558:520:600|10:135:604:437:623|11:107:628:520:672|12:107:676:521:718|13:107:723:521:766|14:138:771:453:788,,,8. 高级布料和高灵桥工程,59,mapped,
FB-P073,part_001_200,72,73,60,08_chapter_08.md,Chapter 8: 高级布料和高灵桥工程,0:title|1:text|2:text|3:text|4:text|5:text|6:text|7:text,title|text|text|text|text|text|text|text,0:6:51:214:74|1:92:84:505:127|2:92:132:506:199|3:122:203:393:222|4:123:227:425:246|5:122:251:424:269|6:91:274:506:317|7:92:322:509:389,,,,60,mapped,
FB-P074,part_001_200,73,74,Unknown,09_chapter_09.md,Chapter 9: 先发制人和后发制人,0:title|1:image|2:text|3:image|4:text|5:text|6:text,title|image|text|image|text|text|text,0:192:150:430:181|1:173:333:210:390|2:183:338:406:429|3:411:331:451:393|4:177:433:452:476|5:176:480:453:547|6:176:552:454:619,FB-I020|FB-I021,,,,mapped,
FB-P075,part_001_200,74,75,62,09_chapter_09.md,Chapter 9: 先发制人和后发制人,0:title|1:text|2:text|3:text|4:text|5:text|6:text|7:text|8:text|9:text|10:text|11:text|12:text,title|text|text|text|text|text|text|text|text|text|text|text|text,0:5:57:214:79|1:91:89:505:132|2:91:137:504:179|3:91:184:506:250|4:92:255:506:322|5:92:326:506:368|6:93:374:506:416|7:93:421:508:487|8:93:492:508:559|9:94:563:508:606|10:94:610:508:678|11:95:682:508:725|12:95:730:511:796,,,,62,mapped,
FB-P076,part_001_200,75,76,63,09_chapter_09.md,Chapter 9: 先发制人和后发制人,2:text|3:text|4:text|5:text|6:text|7:text|8:text|9:text|10:text|11:text|12:text|13:text|14:text|15:text|16:text,text|text|text|text|text|text|text|text|text|text|text|text|text|text|text,2:95:82:426:101|3:95:106:509:149|4:95:153:511:220|5:127:226:276:243|6:128:249:233:267|7:129:273:234:291|8:129:296:295:314|9:99:319:512:362|10:99:366:514:434|11:100:438:514:482|12:101:484:515:552|13:102:556:517:624|14:104:628:517:672|15:104:675:520:766|16:134:769:519:789,,,9. 先发制人和后发制人|图 1. 图 2. 图 3. 图 4. 图 5. 图 6. 图 7. 图 8. 图 9. 图 10. 图 11. 图 12. 图 13. 图 14. 图 15. 图 16. 图 17. 图 18. 图 19. 图 20. 图 21. 图 22. 图 23. 图 24. 图 25. 图 26. 图 27. 图 28. 图 29. 图 30. 图 31. 图 32. 图 33. 图 34. 图 35. 图 36. 图 37. 图 38. 图 39. 图 40. 图 41. 图 42. 图 43. 图 44. 图 45. 图 46. 图 47. 图 48. 图 49. 图 50. 图 51. 图 52. 图 53. 图 54. 图 55. 图 56. 图 57. 图 58. 图 59. 图 60. 图 61. 图 62. 图 63. 图 64. 图 65. 图 66. 图 67. 图 68. 图 69. 图 70. 图 71. 图 72. 图 73. 图 74. 图 75. 图 76. 图 77. 图 78. 图 79. 图 80. 图 81. 图 82. 图 83. 图 84. 图 85. 图 86. 图 87. 图 88. 图 89. 图 90. 图 91. 图 92. 图 93. 图 94. 图 95. 图 96. 图 97. 图 98. 图 99. 图 100.,63,mapped,
FB-P077,part_001_200,76,77,64,09_chapter_09.md,Chapter 9: 先发制人和后发制人,0:title|1:text|2:text|3:text|4:text|5:text|6:text|7:text|8:text|9:text|10:text|11:text|12:text|13:text,title|text|text|text|text|text|text|text|text|text|text|text|text|text,0:5:49:218:70|1:95:82:509:124|2:96:130:509:171|3:95:177:509:219|4:95:225:509:266|5:95:272:509:313|6:95:319:509:384|7:95:390:509:432|8:95:438:509:504|9:95:509:509:598|10:95:603:508:647|11:95:651:509:693|12:95:698:509:765|13:126:770:352:788,,,,64,mapped,
FB-P078,part_001_200,77,78,65,09_chapter_09.md,Chapter 9: 先发制人和后发制人,1:text|2:text|3:text|4:text|5:text|6:text|7:text|8:text|9:text|10:text|11:text|12:text|13:text|14:text,text|text|text|text|text|text|text|text|text|text|text|text|text|text,1:93:81:506:122|2:123:128:449:146|3:94:152:508:217|4:95:222:509:289|5:95:293:509:360|6:96:365:508:407|7:126:412:456:431|8:127:436:293:453|9:127:460:351:477|10:98:483:509:526|11:97:531:511:597|12:98:602:512:692|13:98:697:512:762|14:129:768:512:786,,,9. 先发制人和后发制人,65,mapped,
FB-P079,part_001_200,78,79,66,09_chapter_09.md,Chapter 9: 先发制人和后发制人,0:title|1:text|2:text|3:text|4:text|5:text|6:text|7:text|8:text|9:text|10:text|11:text,title|text|text|text|text|text|text|text|text|text|text|text,0:6:48:221:68|1:98:80:340:98|2:98:104:513:147|3:99:175:512:216|4:99:222:512:264|5:98:270:513:336|6:98:341:512:383|7:98:388:512:431|8:98:436:514:597|9:99:602:512:644|10:99:649:512:692|11:99:697:515:787,,,,66,mapped,
FB-P080,part_001_200,79,80,67,09_chapter_09.md,Chapter 9: 先发制人和后发制人,1:text|2:text|3:text|4:text|5:text|6:text|7:text|8:text|9:text|10:text|11:text|12:text|13:text|14:text|15:text|16:text,text|text|text|text|text|text|text|text|text|text|text|text|text|text|text|text,1:92:81:506:124|2:123:128:364:147|3:123:152:465:171|4:94:175:507:219|5:95:222:509:290|6:96:292:509:337|7:126:343:291:360|8:127:365:324:383|9:127:387:474:406|10:98:411:511:455|11:129:459:445:478|12:99:482:513:550|13:101:552:514:597|14:101:601:516:693|15:104:696:516:741|16:104:743:518:788,,,9. 先发制人和后发制人,67,mapped,
FB-P081,part_001_200,80,81,68,09_chapter_09.md,Chapter 9: 先发制人和后发制人,0:title|1:text|2:text|3:text|4:text|5:text|6:text|7:text|8:text|9:text,title|text|text|text|text|text|text|text|text|text,0:7:49:218:70|1:96:82:511:172|2:97:177:511:242|3:96:247:512:385|4:97:389:511:456|5:98:460:512:527|6:98:532:512:598|7:98:603:513:717|8:99:722:512:763|9:130:769:339:787,,,,68,mapped,
FB-P082,part_001_200,81,82,69,09_chapter_09.md,Chapter 9: 先发制人和后发制人,1:text|2:text|3:text|4:text|5:text|6:text|7:text|8:text|9:text,text|text|text|text|text|text|text|text|text,1:91:85:504:128|2:91:133:506:200|3:92:204:506:247|4:94:251:506:295|5:94:298:507:342|6:95:346:508:413|7:95:417:508:460|8:96:464:509:508|9:97:512:509:555,,,9. 先发制人和后发制人,69,mapped,
FB-P083,part_001_200,82,83,Unknown,09_chapter_09.md,Chapter 9: 先发制人和后发制人,,,,,,,,mapped,
FB-P084,part_001_200,83,84,Unknown,10_chapter_10.md,Chapter 10: 汉江大桥和东京构想,0:title|1:image|2:text|3:image|4:text|5:text|6:text,title|image|text|image|text|text|text,0:182:107:421:180|1:165:333:202:391|2:205:338:398:405|3:404:330:443:392|4:169:409:444:452|5:169:457:446:547|6:170:551:448:643,FB-I022|FB-I023,,,,mapped,
FB-P085,part_001_200,84,85,72,10_chapter_10.md,Chapter 10: 汉江大桥和东京构想,0:title|1:text|2:text|3:text|4:text|5:text|6:text|7:text|8:text|9:text|10:text|11:text|12:text|13:text,title|text|text|text|text|text|text|text|text|text|text|text|text|text,0:8:53:230:75|1:108:88:521:129|2:108:135:521:177|3:138:183:392:201|4:108:207:521:273|5:108:278:521:320|6:107:325:521:415|7:108:420:521:462|8:106:468:521:557|9:106:562:521:652|10:107:657:520:698|11:136:705:307:722|12:107:729:520:770|13:136:775:520:794,,,,72,mapped,
FB-P086,part_001_200,85,86,73,10_chapter_10.md,Chapter 10: 汉江大桥和东京构想,1:text|2:text|3:text|4:text|5:text|6:text|7:text|8:text|9:text|10:text|11:text|12:text|13:text|14:text,text|text|text|text|text|text|text|text|text|text|text|text|text|text,1:82:82:497:126|2:83:130:497:173|3:85:177:499:244|4:86:247:499:292|5:88:295:499:339|6:88:343:502:410|7:89:413:502:457|8:89:460:503:504|9:91:508:504:552|10:92:555:506:623|11:93:626:506:670|12:124:675:348:693|13:95:697:506:742|14:95:744:509:789,,,10. 汉江大桥和东京构想,73,mapped,
FB-P087,part_001_200,86,87,74,10_chapter_10.md,Chapter 10: 汉江大桥和东京构想,1:text|2:text|3:text|4:text|5:text|6:text|7:text|8:text|9:text|10:text|11:text|12:text,text|text|text|text|text|text|text|text|text|text|text|text,1:100:81:514:126|2:102:128:516:173|3:103:176:517:221|4:104:222:517:269|5:105:270:520:387|6:108:387:521:435|7:110:435:522:482|8:110:482:524:553|9:112:553:525:625|10:113:624:527:696|11:115:695:529:767|12:147:766:530:789,,,从平凡走向辉煌,74,mapped,
FB-P088,part_001_200,87,88,75,10_chapter_10.md,Chapter 10: 汉江大桥和东京构想,1:text|2:text|3:text|4:text|5:text|6:text|7:text|8:text|9:text|10:text|11:text|12:text|13:text,text|text|text|text|text|text|text|text|text|text|text|text|text,1:81:83:495:126|2:112:131:489:150|3:83:154:496:197|4:83:201:497:245|5:83:248:498:315|6:85:319:498:363|7:85:368:499:458|8:86:462:500:505|9:87:509:502:624|10:119:628:464:647|11:89:651:502:695|12:119:699:364:717|13:90:722:504:790,,,10. 汉江大桥和东京构想,75,mapped,
FB-P089,part_001_200,88,89,76,10_chapter_10.md,Chapter 10: 汉江大桥和东京构想,0:title|1:text|2:text|3:text|4:text|5:text|6:text|7:text|8:text|9:text|10:text|11:text|12:text,title|text|text|text|text|text|text|text|text|text|text|text|text,0:5:51:230:72|1:108:83:521:125|2:108:131:522:173|3:108:178:522:220|4:138:225:408:243|5:110:249:522:291|6:108:297:523:362|7:109:368:523:434|8:110:438:522:481|9:110:486:523:528|10:110:533:524:599|11:110:604:525:766|12:141:769:525:788,,,,76,mapped,
FB-P090,part_001_200,89,90,77,10_chapter_10.md,Chapter 10: 汉江大桥和东京构想,1:text|2:text|3:text|4:text|5:text,text|text|text|text|text,1:83:80:277:98|2:83:102:499:170|3:85:174:499:241|4:85:245:499:312|5:86:317:500:360,,,10. 汉江大桥和东京构想,77,mapped,
FB-P091,part_001_200,90,91,Unknown,10_chapter_10.md,Chapter 10: 汉江大桥和东京构想,0:text,text,0:1:5:593:864,,,,,mapped,
FB-P092,part_001_200,91,92,Unknown,11_chapter_11.md,Chapter 11: 权利面前的两个人,0:title|1:image|2:text|3:image|4:text,title|image|text|image|text,0:201:96:415:171|1:170:323:208:380|2:210:328:403:394|3:409:321:449:383|4:173:423:451:490,FB-I024|FB-I025,,,,mapped,
FB-P093,part_001_200,92,93,80,11_chapter_11.md,Chapter 11: 权利面前的两个人,0:title|1:text|2:text|3:text|4:text|5:text|6:text|7:text|8:text|9:text|10:text|11:text|12:text|13:text|14:text|15:text,title|text|text|text|text|text|text|text|text|text|text|text|text|text|text|text,0:4:49:219:69|1:97:79:511:121|2:98:127:512:169|3:128:175:339:192|4:101:197:512:240|5:130:246:369:263|6:100:268:513:311|7:101:316:514:359|8:101:363:514:431|9:102:433:515:477|10:102:481:515:525|11:102:529:517:621|12:104:623:517:668|13:104:671:518:716|14:105:718:518:762|15:135:765:518:785,,,,80,mapped,
FB-P094,part_001_200,93,94,81,11_chapter_11.md,Chapter 11: 权利面前的两个人,1:text|2:text|3:text|4:text|5:text|6:text|7:text|8:text|9:text|10:text|11:text|12:text|13:text|14:text|15:text,text|text|text|text|text|text|text|text|text|text|text|text|text|text|text,1:93:82:507:124|2:94:129:509:195|3:95:199:508:241|4:95:247:509:289|5:127:293:370:311|6:127:317:473:335|7:97:340:510:382|8:127:387:511:405|9:128:411:340:428|10:128:434:444:452|11:128:457:474:476|12:129:482:263:499|13:99:504:514:595|14:100:598:514:641|15:101:645:516:689,,FB-F017,11. 权利面前的两个人,81,mapped,
FB-P095,part_001_200,94,95,82,11_chapter_11.md,Chapter 11: 权利面前的两个人,1:text|2:text|3:text|4:text|5:text|6:text|7:text|8:text|9:text|10:text|11:text|12:text|13:text|14:text|15:text,text|text|text|text|text|text|text|text|text|text|text|text|text|text|text,1:88:81:501:127|2:90:128:503:199|3:121:203:285:222|4:123:226:303:245|5:93:246:506:317|6:95:316:508:365|7:126:365:413:387|8:97:387:509:435|9:98:433:511:482|10:100:481:512:531|11:130:528:499:552|12:103:575:514:625|13:104:623:517:673|14:107:670:518:720|15:107:717:521:792,,,从平凡走向辉煌,82,mapped,
FB-P096,part_001_200,95,96,83,11_chapter_11.md,Chapter 11: 权利面前的两个人,1:text|2:text|3:text|4:text|5:text|6:text|7:text|8:text|9:text|10:text|11:text|12:text|13:text|14:text,text|text|text|text|text|text|text|text|text|text|text|text|text|text,1:88:81:504:147|2:88:152:505:218|3:90:222:504:265|4:120:270:363:288|5:90:294:505:361|6:120:366:302:383|7:104:389:286:407|8:91:413:506:479|9:122:484:286:501|10:91:508:506:574|11:92:578:506:622|12:92:627:507:668|13:93:673:508:716|14:123:722:333:740,,FB-F018,11. 权利面前的两个人,83,mapped,
FB-P097,part_001_200,96,97,84,11_chapter_11.md,Chapter 11: 权利面前的两个人,0:text|1:text|2:text|3:text|4:text|5:text|6:text|7:text|8:text|9:text|10:text|11:text,text|text|text|text|text|text|text|text|text|text|text|text,0:7:47:229:68|1:105:79:520:121|2:105:127:520:170|3:106:175:520:217|4:106:222:520:265|5:105:270:520:311|6:136:317:225:335|7:105:341:520:406|8:105:412:520:454|9:105:460:520:526|10:105:531:520:573|11:105:578:520:621,,FB-F019,,84,mapped,
FB-P098,part_001_200,97,98,Unknown,12_chapter_12.md,Chapter 12: 开办工厂和对外出口,0:title|1:image|2:text|3:image|4:text|5:text|6:text,title|image|text|image|text|text|text,0:182:104:424:179|1:163:329:202:387|2:165:334:398:426|3:402:330:443:392|4:165:431:444:520|5:195:526:437:545|6:165:548:443:594,FB-I026|FB-I027,,,,mapped,
FB-P099,part_001_200,98,99,86,12_chapter_12.md,Chapter 12: 开办工厂和对外出口,0:title|1:text|2:text|3:text|4:text|5:text|6:text|7:text|8:text|9:text|10:text,title|text|text|text|text|text|text|text|text|text|text,0:7:55:220:76|1:98:86:515:271|2:99:276:514:319|3:99:324:514:390|4:101:394:515:486|5:102:489:515:533|6:102:537:515:580|7:102:584:517:628|8:102:632:517:675|9:103:679:518:746|10:133:750:518:769,,,,86,mapped,
FB-P100,part_001_200,99,100,87,12_chapter_12.md,Chapter 12: 开办工厂和对外出口,1:text|2:text|3:text|4:text|5:text|6:text|7:text|8:text|9:text,text|text|text|text|text|text|text|text|text,1:94:86:511:176|2:95:180:511:247|3:96:252:511:295|4:96:299:512:366|5:98:369:513:413|6:98:418:513:460|7:99:464:515:555|8:100:559:516:627|9:101:631:518:746,,FB-F020,12. 开办工厂和对外出口,87,mapped,
FB-P101,part_001_200,100,101,88,12_chapter_12.md,Chapter 12: 开办工厂和对外出口,0:title|1:text|2:text|3:text|4:text|5:text|6:text|7:text|8:text|9:text|10:text|11:text|12:text|13:text|14:text,title|text|text|text|text|text|text|text|text|text|text|text|text|text|text,0:4:57:211:76|1:89:88:503:130|2:89:135:504:177|3:90:183:505:272|4:92:277:505:320|5:92:324:506:438|6:92:443:506:486|7:93:490:506:533|8:92:538:508:604|9:124:609:318:627|10:95:633:508:675|11:123:680:354:698|12:123:703:506:722|13:95:727:508:770|14:124:775:509:794,,,,88,mapped,
FB-P102,part_001_200,101,102,89,12_chapter_12.md,Chapter 12: 开办工厂和对外出口,1:text|2:text|3:text|4:text|5:text|6:text|7:text|8:text|9:text|10:text|11:text|12:text|13:text,text|text|text|text|text|text|text|text|text|text|text|text|text,1:96:83:217:101|2:96:105:510:150|3:126:154:358:171|4:98:176:512:221|5:99:223:514:340|6:101:342:516:410|7:102:413:517:482|8:104:483:518:529|9:105:531:520:623|10:107:626:521:671|11:107:673:522:719|12:108:721:523:766|13:136:768:524:789,,,12. 开办工厂和对外出口,89,mapped,
FB-P103,part_001_200,102,103,90,12_chapter_12.md,Chapter 12: 开办工厂和对外出口,0:title|1:text|2:text|3:text|4:text|5:text|6:text|7:text|8:text|9:text,title|text|text|text|text|text|text|text|text|text,0:4:51:214:72|1:92:83:506:126|2:93:131:508:221|3:93:226:509:364|4:94:368:509:458|5:95:463:509:506|6:95:510:511:600|7:95:604:511:672|8:97:676:511:718|9:97:724:513:791,,,,90,mapped,
FB-P104,part_001_200,103,104,91,12_chapter_12.md,Chapter 12: 开办工厂和对外出口,1:text|2:text|3:text|4:text|5:text|6:text|7:text|8:text|9:text|10:text|11:text,text|text|text|text|text|text|text|text|text|text|text,1:96:88:413:107|2:96:112:512:177|3:97:184:513:249|4:98:254:512:320|5:98:324:513:391|6:99:396:514:486|7:99:490:514:533|8:100:538:514:581|9:100:586:515:700|10:101:705:515:748|11:101:752:517:795,,,12. 开办工厂和对外出口,91,mapped,
FB-P105,part_001_200,104,105,92,12_chapter_12.md,Chapter 12: 开办工厂和对外出口,0:title|1:text|2:text|3:text|4:text|5:text|6:text|7:text|8:text|9:text|10:text|11:text|12:text,title|text|text|text|text|text|text|text|text|text|text|text|text,0:5:57:212:78|1:90:89:437:107|2:89:113:504:155|3:90:160:505:203|4:91:208:505:250|5:121:255:498:273|6:91:279:506:345|7:91:374:505:416|8:92:421:506:487|9:123:492:363:510|10:94:515:506:559|11:93:563:509:772|12:126:776:509:795,,,,92,mapped,
FB-P106,part_001_200,105,106,93,12_chapter_12.md,Chapter 12: 开办工厂和对外出口,2:text|3:text|4:text|5:text|6:text|7:text|8:text|9:text|10:text|11:text|12:text,text|text|text|text|text|text|text|text|text|text|text,2:101:81:515:123|3:101:128:517:171|4:132:177:282:194|5:102:200:518:337|6:104:343:520:456|7:105:460:521:551|8:107:555:522:622|9:108:626:522:669|10:108:673:523:717|11:109:721:523:763|12:139:768:523:787,,,12. 开办工厂和对外出口,93,mapped,
FB-P107,part_001_200,106,107,94,12_chapter_12.md,Chapter 12: 开办工厂和对外出口,0:title|1:text|2:text|3:text|4:text|5:text|6:text|7:text|8:text|9:text|10:text|11:text|12:text|13:text|14:text|15:text,title|text|text|text|text|text|text|text|text|text|text|text|text|text|text|text,0:5:50:214:70|1:91:82:452:101|2:91:106:506:172|3:91:177:506:267|4:91:273:506:386|5:91:391:506:432|6:123:438:319:456|7:121:462:331:480|8:122:485:212:502|9:122:509:331:527|10:91:533:506:598|11:92:604:506:646|12:123:651:214:669|13:92:675:506:717|14:92:723:506:765|15:122:769:506:788,,,,94,mapped,
FB-P108,part_001_200,107,108,95,12_chapter_12.md,Chapter 12: 开办工厂和对外出口,2:text|3:text|4:text|5:text|6:text|7:text|8:text|9:text|10:text|11:text|12:text,text|text|text|text|text|text|text|text|text|text|text,2:95:81:509:124|3:98:128:511:171|4:98:175:512:220|5:99:222:512:267|6:130:271:402:290|7:130:297:218:314|8:101:317:515:385|9:132:388:434:407|10:131:413:433:432|11:102:436:516:480|12:103:483:518:576,,,12. 开办工厂和对外出口,95,mapped,
FB-P109,part_001_200,108,109,Unknown,12_chapter_12.md,Chapter 12: 开办工厂和对外出口,,,,,,,. . .,mapped,
FB-P110,part_001_200,109,110,Unknown,13_chapter_13.md,Chapter 13: 越战工程和韩国肥料公司,0:title|1:image|2:text|3:image|4:text|5:text,title|image|text|image|text|text,0:170:105:461:176|1:177:328:214:386|2:217:334:409:401|3:415:328:455:390|4:179:405:455:472|5:375:476:455:494,FB-I028|FB-I029,,,,mapped,
FB-P111,part_001_200,110,111,98,13_chapter_13.md,Chapter 13: 越战工程和韩国肥料公司,0:text|1:text|2:text|3:text|4:text|5:text|6:text|7:text|8:text|9:text,text|text|text|text|text|text|text|text|text|text,0:88:82:502:129|1:89:130:503:177|2:91:177:505:225|3:92:225:506:297|4:94:298:508:345|5:95:344:509:393|6:96:392:509:441|7:98:440:512:514|8:101:537:516:657|9:104:655:518:731,,FB-F021|FB-F022,,98,mapped,
FB-P112,part_001_200,111,112,99,13_chapter_13.md,Chapter 13: 越战工程和韩国肥料公司,2:text|3:text|4:text|5:text|6:text|7:text|8:text|9:text|10:text|11:text,text|text|text|text|text|text|text|text|text|text,2:93:85:508:152|3:94:156:509:247|4:95:250:508:294|5:96:298:511:341|6:97:345:512:436|7:99:440:514:532|8:100:535:515:603|9:101:606:516:674|10:102:678:517:745|11:103:749:518:793,,,13. 越战工程和韩国肥料公司|是指针的指针，指针是指针，指针是指针，指针是指针，指针是指针，指针是指针，指针是指针，指针是指针，指针是指针，指针是指针，指针是指针，指针是指针，指针是指针，指针是指针，指针是指针，指针是指针，指针是指针，指针是指针，,99,mapped,
FB-P113,part_001_200,112,113,100,13_chapter_13.md,Chapter 13: 越战工程和韩国肥料公司,0:title|1:text|2:text|3:text|4:text|5:text|6:text|7:text|8:text|9:text,title|text|text|text|text|text|text|text|text|text,0:5:53:219:75|1:96:86:512:152|2:97:158:512:271|3:97:276:511:318|4:97:324:511:389|5:97:394:511:436|6:97:441:512:508|7:96:536:513:673|8:98:679:512:721|9:97:726:512:766,,FB-F023,,100,mapped,
FB-P114,part_001_200,113,114,101,13_chapter_13.md,Chapter 13: 越战工程和韩国肥料公司,2:text|3:text|4:text|5:text|6:text|7:text|8:text|9:text|10:text|11:text|12:text|13:text,text|text|text|text|text|text|text|text|text|text|text|text,2:89:80:504:147|3:90:152:506:266|4:92:270:506:337|5:93:341:508:408|6:94:412:508:456|7:95:459:509:503|8:96:506:511:598|9:97:601:512:669|10:99:672:512:717|11:129:722:324:739|12:129:743:461:762|13:129:767:514:787,,,13. 越战工程和韩国肥料公司,101,mapped,
FB-P115,part_001_200,114,115,102,13_chapter_13.md,Chapter 13: 越战工程和韩国肥料公司,0:text|1:text|2:text|3:text|4:text|5:text|6:text|7:text|8:text|9:text,text|text|text|text|text|text|text|text|text|text,0:3:50:222:72|1:101:82:204:100|2:100:105:515:147|3:101:152:516:220|4:131:223:405:241|5:101:247:517:315|6:102:318:518:409|7:103:413:518:552|8:104:555:519:647|9:105:650:521:743,,FB-F024,,102,mapped,
FB-P116,part_001_200,115,116,103,13_chapter_13.md,Chapter 13: 越战工程和韩国肥料公司,2:text|3:text|4:text|5:text|6:text|7:text|8:text|9:text,text|text|text|text|text|text|text|text,2:83:82:499:198|3:86:201:502:340|4:89:343:502:387|5:90:389:505:458|6:91:461:506:553|7:94:555:508:672|8:96:674:511:767|9:127:768:511:789,,,13. 越战工程和韩国肥料公司,103,mapped,
FB-P117,part_001_200,116,117,104,13_chapter_13.md,Chapter 13: 越战工程和韩国肥料公司,1:text|2:text|3:text|4:text|5:text|6:text|7:text|8:text|9:text|10:text|11:text|12:text|13:text,text|text|text|text|text|text|text|text|text|text|text|text|text,1:110:80:426:101|2:110:105:525:171|3:109:176:525:219|4:109:224:524:289|5:108:295:524:362|6:108:367:523:432|7:138:437:500:457|8:108:461:522:501|9:107:508:523:573|10:107:579:522:668|11:137:674:347:692|12:138:698:348:716|13:105:722:522:787,,,从平凡走向辉煌,104,mapped,
FB-P118,part_001_200,117,118,105,13_chapter_13.md,Chapter 13: 越战工程和韩国肥料公司,1:text|2:text|3:text|4:text|5:text|6:text|7:text|8:text|9:text|10:text,text|text|text|text|text|text|text|text|text|text,1:82:86:497:153|2:115:158:339:175|3:83:180:498:224|4:85:228:499:296|5:85:299:501:390|6:88:393:504:485|7:90:489:505:581|8:91:584:506:675|9:93:678:507:723|10:94:725:509:794,,,13. 越战工程和韩国肥料公司,105,mapped,
FB-P119,part_001_200,118,119,106,13_chapter_13.md,Chapter 13: 越战工程和韩国肥料公司,0:title|1:text|2:text|3:text|4:text|5:text,title|text|text|text|text|text,0:5:52:227:74|1:105:85:521:247|2:105:252:520:365|3:105:370:520:483|4:105:489:521:578|5:105:584:521:673,,,,106,mapped,
FB-P120,part_001_200,119,120,Unknown,14_chapter_14.md,Chapter 14: Pony（小马）汽车和东洋电视台,0:title|1:image|2:text|3:image|4:text|5:text,title|image|text|image|text|text,0:115:101:487:175|1:165:327:202:385|2:205:331:399:399|3:404:323:444:387|4:168:401:445:470|5:365:472:447:489,FB-I030|FB-I031,,,,mapped,
FB-P121,part_001_200,120,121,108,14_chapter_14.md,Chapter 14: Pony（小马）汽车和东洋电视台,0:text|1:text|2:text|3:text|4:text|5:text|6:text|7:text|8:text|9:text,text|text|text|text|text|text|text|text|text|text,0:109:50:222:70|1:102:77:515:123|2:103:125:518:195|3:104:196:519:266|4:106:266:521:338|5:109:336:524:528|6:114:550:527:598|7:114:597:530:692|8:117:692:531:764|9:147:762:533:787,,,,108,mapped,
FB-P122,part_001_200,121,122,109,14_chapter_14.md,Chapter 14: Pony（小马）汽车和东洋电视台,2:text|3:text|4:text|5:text|6:text|7:text|8:text,text|text|text|text|text|text|text,2:78:84:495:199|3:81:203:497:366|4:83:368:498:412|5:85:415:500:531|6:88:533:502:602|7:89:604:505:721|8:121:722:506:744,,FB-F025,14. Pony（小马）汽车和东洋电视台,109,mapped,
FB-P123,part_001_200,122,123,110,14_chapter_14.md,Chapter 14: Pony（小马）汽车和东洋电视台,1:text|2:text|3:text|4:text|5:text|6:text|7:text,text|text|text|text|text|text|text,1:100:82:516:175|2:102:177:518:247|3:104:247:518:317|4:105:317:520:388|5:108:390:524:603|6:113:602:527:674|7:114:673:529:746,,FB-F026,从平凡走向辉煌,110,mapped,
FB-P124,part_001_200,123,124,111,14_chapter_14.md,Chapter 14: Pony（小马）汽车和东洋电视台,2:text|3:text|4:text|5:text|6:text|7:text|8:text|9:text|10:text,text|text|text|text|text|text|text|text|text,2:86:84:502:199|3:88:203:502:270|4:89:273:504:365|5:89:368:505:436|6:91:439:506:508|7:93:510:506:554|8:123:558:456:578|9:94:582:509:673|10:96:677:512:792,,,14. Pony（小马）汽车和东洋电视台,111,mapped,
FB-P125,part_001_200,124,125,112,14_chapter_14.md,Chapter 14: Pony（小马）汽车和东洋电视台,0:title|1:text|2:text|3:text|4:text|5:text|6:text|7:text|8:text|9:text|10:text|11:text,title|text|text|text|text|text|text|text|text|text|text|text,0:6:51:226:73|1:102:84:518:126|2:102:133:518:270|3:103:274:517:317|4:102:322:518:387|5:102:393:518:482|6:133:488:499:506|7:132:511:348:529|8:132:535:454:552|9:132:559:484:577|10:102:583:518:648|11:102:654:518:791,,,,112,mapped,
FB-P126,part_001_200,125,126,Unknown,14_chapter_14.md,Chapter 14: Pony（小马）汽车和东洋电视台,1:text|2:text|3:text|4:text|5:text|6:text,text|text|text|text|text|text,1:88:78:503:146|2:89:149:505:265|3:92:267:508:478|4:95:480:511:573|5:98:575:514:715|6:100:717:517:787,,,14. Pony（小马）汽车和东洋电视台,.113,mapped,
FB-P127,part_001_200,126,127,114,14_chapter_14.md,Chapter 14: Pony（小马）汽车和东洋电视台,0:title|1:text|2:text|3:text|4:text|5:text|6:text|7:text|8:text,title|text|text|text|text|text|text|text|text,0:7:46:225:67|1:102:79:518:146|2:102:151:518:335|3:103:341:517:382|4:103:387:517:430|5:102:436:518:526|6:102:531:518:620|7:101:625:518:716|8:101:720:518:787,,,,114,mapped,
FB-P128,part_001_200,127,128,115,14_chapter_14.md,Chapter 14: Pony（小马）汽车和东洋电视台,2:text|3:text|4:text|5:text|6:text|7:text|8:text|9:text,text|text|text|text|text|text|text|text,2:85:82:500:338|3:86:343:502:481|4:88:484:503:552|5:119:556:418:574|6:88:580:503:670|7:118:675:503:693|8:89:698:503:742|9:90:747:504:789,,,14. Pony（小马）汽车和东洋电视台|藻糟藥藻糟藻援葬凿蜀對藻糟桑藥糟藻 藻糟藻糟藻糟藻藻糟藻藻糟藻,115,mapped,
FB-P129,part_001_200,128,129,116,14_chapter_14.md,Chapter 14: Pony（小马）汽车和东洋电视台,0:title|1:text|2:text|3:text|4:text|5:text|6:text,title|text|text|text|text|text|text,0:9:50:229:70|1:107:82:523:220|2:107:224:522:338|3:108:343:523:433|4:108:438:524:528|5:109:533:525:647|6:110:651:526:790,,,,116,mapped,
FB-P130,part_001_200,129,130,117,14_chapter_14.md,Chapter 14: Pony（小马）汽车和东洋电视台,1:text|2:text|3:text|4:text|5:text|6:text|7:text|8:text,text|text|text|text|text|text|text|text,1:89:91:238:109|2:88:114:505:228|3:89:233:505:299|4:89:304:505:370|5:91:374:506:441|6:91:445:508:632|7:92:636:509:726|8:123:730:509:749,,FB-F027,14. Pony（小马）汽车和东洋电视台,117,mapped,
FB-P131,part_001_200,130,131,118,14_chapter_14.md,Chapter 14: Pony（小马）汽车和东洋电视台,1:text|2:text|3:text|4:text|5:text|6:text,text|text|text|text|text|text,1:102:91:516:133|2:103:139:518:299|3:104:304:520:465|4:105:470:521:655|5:109:660:521:703|6:108:707:524:798,,,从平凡走向辉煌,118,mapped,
FB-P132,part_001_200,131,132,119,14_chapter_14.md,Chapter 14: Pony（小马）汽车和东洋电视台,1:text|2:text|3:text|4:text|5:text|6:text|7:text|8:text|9:text|10:text,text|text|text|text|text|text|text|text|text|text,1:83:88:498:130|2:83:134:499:225|3:85:229:499:297|4:85:300:500:367|5:86:372:501:439|6:88:466:500:509|7:88:514:503:581|8:89:584:503:628|9:89:632:505:724|10:91:727:506:794,,,14. Pony（小马）汽车和东洋电视台,119,mapped,
FB-P133,part_001_200,132,133,120,14_chapter_14.md,Chapter 14: Pony（小马）汽车和东洋电视台,1:text|2:text|3:text|4:text|5:text|6:text|7:text|8:text,text|text|text|text|text|text|text|text,1:102:88:267:107|2:102:113:517:155|3:103:160:518:227|4:104:231:520:369|5:105:374:521:583|6:107:586:522:654|7:107:657:522:701|8:108:704:521:749,,FB-F028,从平凡走向辉煌,120,mapped,
FB-P134,part_001_200,133,134,121,14_chapter_14.md,Chapter 14: Pony（小马）汽车和东洋电视台,2:text|3:text|4:text|5:text,text|text|text|text,2:88:82:503:124|3:88:129:503:171|4:89:177:504:243|5:89:247:505:315,,,14. Pony（小马）汽车和东洋电视台,121,mapped,
FB-P135,part_001_200,134,135,Unknown,14_chapter_14.md,Chapter 14: Pony（小马）汽车和东洋电视台,0:text,text,0:1:10:594:864,,,,,mapped,
FB-P136,part_001_200,135,136,Unknown,15_chapter_15.md,Chapter 15: 郑周永的船和李秉哲的彩色电视,1:title|2:image|3:text|4:image|5:text|6:text|7:text,title|image|text|image|text|text|text,1:114:147:484:178|2:161:331:198:389|3:201:337:395:403|4:401:330:440:392|5:164:408:440:451|6:165:455:441:522|7:166:527:443:594,FB-I032|FB-I033,,,15,mapped,
FB-P137,part_001_200,136,137,124,15_chapter_15.md,Chapter 15: 郑周永的船和李秉哲的彩色电视,0:title|1:text|2:text|3:text|4:text|5:text|6:text|7:text|8:text,title|text|text|text|text|text|text|text|text,0:7:56:224:77|1:101:88:518:249|2:102:254:518:344|3:103:348:518:438|4:104:443:519:509|5:105:514:520:557|6:105:561:521:652|7:106:656:520:700|8:107:704:522:749,,FB-F029,,124,mapped,
FB-P138,part_001_200,137,138,125,15_chapter_15.md,Chapter 15: 郑周永的船和李秉哲的彩色电视,2:text|3:text|4:text|5:text|6:text|7:text|8:text|9:text|10:text|11:text,text|text|text|text|text|text|text|text|text|text,2:93:81:246:99|3:93:103:508:171|4:94:175:509:242|5:95:246:511:407|6:97:411:512:479|7:128:482:429:501|8:98:506:515:645|9:101:648:515:692|10:101:695:516:739|11:102:743:516:787,,,15. 郑周永的船和李秉哲的彩色电视,125,mapped,
FB-P139,part_001_200,138,139,126,15_chapter_15.md,Chapter 15: 郑周永的船和李秉哲的彩色电视,0:title|1:text|2:text|3:text|4:text|5:text|6:text|7:text|8:text|9:text|10:text|11:text|12:text|13:text,title|text|text|text|text|text|text|text|text|text|text|text|text|text,0:5:49:221:69|1:99:81:514:123|2:130:128:402:146|3:130:152:480:171|4:99:176:514:266|5:129:271:293:289|6:101:295:513:337|7:99:343:513:385|8:130:390:218:407|9:99:413:515:503|10:99:508:515:597|11:130:603:461:621|12:101:626:515:692|13:101:698:517:787,,,,126,mapped,
FB-P140,part_001_200,139,140,127,15_chapter_15.md,Chapter 15: 郑周永的船和李秉哲的彩色电视,1:text|2:text|3:text|4:text|5:text|6:text|7:text|8:text|9:text|10:text|11:text|12:text|13:text,text|text|text|text|text|text|text|text|text|text|text|text|text,1:96:75:511:118|2:126:123:443:141|3:98:146:512:214|4:129:218:294:236|5:99:241:513:308|6:100:311:515:403|7:102:406:516:475|8:103:477:517:546|9:104:548:517:592|10:105:596:518:641|11:105:643:519:688|12:106:692:521:759|13:136:762:521:782,,,15. 郑周永的船和李秉哲的彩色电视,127,mapped,
FB-P141,part_001_200,140,141,128,15_chapter_15.md,Chapter 15: 郑周永的船和李秉哲的彩色电视,0:title|1:text|2:text|3:text|4:text|5:text|6:text|7:text|8:text|9:text|10:text|11:text,title|text|text|text|text|text|text|text|text|text|text|text,0:4:43:215:63|1:92:75:507:117|2:92:123:507:188|3:93:194:507:235|4:93:241:508:308|5:93:312:506:355|6:94:360:507:403|7:124:408:303:425|8:94:431:508:497|9:94:502:509:641|10:94:645:509:736|11:95:740:509:783,,,,128,mapped,
FB-P142,part_001_200,141,142,129,15_chapter_15.md,Chapter 15: 郑周永的船和李秉哲的彩色电视,2:text|3:text|4:text|5:text|6:text|7:text|8:text|9:text,text|text|text|text|text|text|text|text,2:93:81:508:172|3:95:175:508:219|4:96:222:510:315|5:97:317:512:387|6:99:388:514:457|7:101:460:516:552|8:103:555:518:695|9:106:696:521:791,,,15. 郑周永的船和李秉哲的彩色电视,129,mapped,
FB-P143,part_001_200,142,143,130,15_chapter_15.md,Chapter 15: 郑周永的船和李秉哲的彩色电视,0:title|1:text|2:text|3:text|4:text|5:text|6:text|7:text,title|text|text|text|text|text|text|text,0:1:51:213:72|1:92:81:506:220|2:94:222:509:314|3:95:317:509:385|4:97:387:511:457|5:98:459:512:527|6:99:531:514:647|7:101:649:517:788,,,,130,mapped,
FB-P144,part_001_200,143,144,131,15_chapter_15.md,Chapter 15: 郑周永的船和李秉哲的彩色电视,1:text|2:text,text|text,1:91:83:346:101|2:91:107:506:173,,,15. 郑周永的船和李秉哲的彩色电视,131,mapped,
FB-P145,part_001_200,144,145,Unknown,15_chapter_15.md,Chapter 15: 郑周永的船和李秉哲的彩色电视,,,,,,,,mapped,
FB-P146,part_001_200,145,146,Unknown,16_chapter_16.md,Chapter 16: 中东特运和三星电子,0:title|1:image|2:text|3:image|4:text,title|image|text|image|text,0:188:98:429:171|1:170:323:208:382|2:172:329:404:420|3:408:322:449:383|4:369:423:451:443,FB-I034|FB-I035,,,,mapped,
FB-P147,part_001_200,146,147,134,16_chapter_16.md,Chapter 16: 中东特运和三星电子,0:title|1:text|2:text|3:text|4:text|5:text|6:text|7:text|8:text|9:text,title|text|text|text|text|text|text|text|text|text,0:9:47:225:67|1:103:79:518:169|2:103:174:518:240|3:103:245:517:287|4:102:292:518:381|5:103:387:517:429|6:103:434:518:501|7:103:506:518:596|8:103:601:518:739|9:104:743:518:786,,,,134,mapped,
FB-P148,part_001_200,147,148,135,16_chapter_16.md,Chapter 16: 中东特运和三星电子,2:text|3:text|4:text|5:text|6:text|7:text|8:text|9:text|10:text|11:text,text|text|text|text|text|text|text|text|text|text,2:93:79:506:122|3:94:127:509:217|4:95:222:509:289|5:97:292:510:336|6:97:340:511:407|7:98:411:513:526|8:99:529:514:597|9:102:600:515:644|10:101:648:517:739|11:102:743:518:786,,,16. 中东特运和三星电子,135,mapped,
FB-P149,part_001_200,148,149,136,16_chapter_16.md,Chapter 16: 中东特运和三星电子,0:title|1:text|2:text|3:text|4:text|5:text|6:text|7:text|8:text,title|text|text|text|text|text|text|text|text,0:4:48:217:68|1:95:79:509:121|2:95:127:510:193|3:95:198:511:311|4:96:317:511:406|5:96:411:512:477|6:97:482:513:596|7:98:600:513:643|8:99:648:515:787,,,,136,mapped,
FB-P150,part_001_200,149,150,137,16_chapter_16.md,Chapter 16: 中东特运和三星电子,1:text|2:text|3:text|4:text|5:text|6:text|7:text|8:text,text|text|text|text|text|text|text|text,1:94:85:509:151|2:94:156:510:317|3:95:321:511:411|4:97:416:511:458|5:97:463:513:578|6:99:582:513:625|7:99:629:514:720|8:100:724:516:791,,,16. 中东特运和三星电子,137,mapped,
FB-P151,part_001_200,150,151,138,16_chapter_16.md,Chapter 16: 中东特运和三星电子,0:title|1:text|2:text|3:text|4:text|5:text|6:text|7:text|8:text|9:text|10:text,title|text|text|text|text|text|text|text|text|text|text,0:9:51:221:72|1:98:83:513:126|2:99:156:512:197|3:98:203:514:292|4:98:298:514:387|5:98:393:514:482|6:98:488:513:529|7:98:535:514:625|8:99:630:513:673|9:129:678:342:695|10:99:701:513:743,,FB-F030,,138,mapped,
FB-P152,part_001_200,151,152,139,16_chapter_16.md,Chapter 16: 中东特运和三星电子,1:text|2:text|3:text|4:text|5:text|6:text|7:text|8:text|9:text,text|text|text|text|text|text|text|text|text,1:93:80:509:147|2:95:152:509:218|3:95:222:511:289|4:97:293:512:408|5:98:412:513:479|6:99:482:514:550|7:101:554:516:669|8:102:673:518:764|9:133:767:518:787,,,16. 中东特运和三星电子,139,mapped,
FB-P153,part_001_200,152,153,140,16_chapter_16.md,Chapter 16: 中东特运和三星电子,0:title|1:text|2:text|3:text|4:text|5:text|6:text|7:text|8:text|9:text,title|text|text|text|text|text|text|text|text|text,0:5:49:218:69|1:96:80:383:98|2:96:103:512:194|3:97:198:513:288|4:98:292:514:432|5:99:435:515:574|6:100:577:516:621|7:133:626:192:644|8:102:648:517:740|9:103:743:518:787,,,,140,mapped,
FB-P154,part_001_200,153,154,141,16_chapter_16.md,Chapter 16: 中东特运和三星电子,2:text|3:text|4:text|5:text|6:text|7:text,text|text|text|text|text|text,2:90:85:506:201|3:93:204:508:297|4:94:300:511:393|5:95:396:511:512|6:98:515:514:655|7:99:660:516:729,,FB-F031|FB-F032,16. 中东特运和三星电子,141,mapped,
FB-P155,part_001_200,154,155,142,16_chapter_16.md,Chapter 16: 中东特运和三星电子,1:text|2:text|3:text|4:text|5:text|6:text|7:text|8:text,text|text|text|text|text|text|text|text,1:98:85:515:176|2:99:181:514:224|3:98:229:514:295|4:98:300:514:368|5:98:373:514:487|6:97:492:513:558|7:97:564:513:654|8:97:660:513:728,,FB-F033|FB-F034,从平凡走向辉煌,142,mapped,
FB-P156,part_001_200,155,156,143,16_chapter_16.md,Chapter 16: 中东特运和三星电子,2:text|3:text|4:text|5:text|6:text|7:text|8:text|9:text|10:text,text|text|text|text|text|text|text|text|text,2:90:88:133:105|3:90:109:504:152|4:91:156:506:223|5:92:227:508:318|6:94:322:510:461|7:96:463:510:508|8:98:512:514:675|9:100:678:515:747|10:101:749:515:793,,,16. 中东特运和三星电子|桑藥對藻藻藻藻藻藻藻藻藻藻藻藻藻藻藻藻藻藻藻藻藻藻藻藻藻藻藻藻藻藻藻藻藻藻藻藻藻藻藻藻藻藻藻藻藻藻藻藻藻藻藻藻藻藻藻藻藻藻藻藻藻藻藻藻藻藻藻藻藻藻藻藻藻藻藻藻藻藻藻藻藻藻藻藻藻藻藻藻藻藻藻藻藻藻藻藻藻藻藻藻藁,143,mapped,
FB-P157,part_001_200,156,157,144,16_chapter_16.md,Chapter 16: 中东特运和三星电子,0:title|1:text|2:text|3:text|4:text|5:text|6:text|7:text|8:text|9:text|10:text|11:text|12:text,title|text|text|text|text|text|text|text|text|text|text|text|text,0:5:52:223:75|1:99:87:515:201|2:95:205:515:271|3:99:276:514:318|4:99:324:514:390|5:99:395:514:437|6:98:442:514:508|7:98:514:514:578|8:99:584:513:626|9:129:632:448:650|10:129:655:387:673|11:129:679:339:697|12:98:703:514:792,,,,144,mapped,
FB-P158,part_001_200,157,158,145,16_chapter_16.md,Chapter 16: 中东特运和三星电子,1:text|2:text|3:text|4:text|5:text|6:text|7:text|8:text|9:text|10:text|11:text,text|text|text|text|text|text|text|text|text|text|text,1:91:79:506:122|2:91:126:507:193|3:93:197:508:265|4:124:269:352:287|5:126:293:231:311|6:95:316:509:383|7:95:387:511:454|8:97:458:513:573|9:99:576:514:621|10:100:623:516:716|11:130:717:517:739,,FB-F035,16. 中东特运和三星电子,145,mapped,
FB-P159,part_001_200,158,159,146,16_chapter_16.md,Chapter 16: 中东特运和三星电子,0:title|1:text|2:text|3:text|4:text|5:text|6:text|7:text|8:text|9:text|10:text,title|text|text|text|text|text|text|text|text|text|text,0:0:50:213:73|1:90:77:504:124|2:93:126:508:218|3:95:220:509:290|4:96:290:510:337|5:98:338:513:432|6:100:432:514:503|7:102:504:518:622|8:105:622:518:694|9:107:693:520:741|10:108:741:523:789,,,,146,mapped,
FB-P160,part_001_200,159,160,147,16_chapter_16.md,Chapter 16: 中东特运和三星电子,2:text|3:text|4:text|5:text|6:text|7:text|8:text|9:text|10:text,text|text|text|text|text|text|text|text|text,2:86:88:266:107|3:86:112:500:155|4:86:159:503:298|5:90:301:503:345|6:90:349:505:439|7:91:444:507:606|8:93:609:508:677|9:93:681:508:724|10:94:729:509:796,,,16. 中东特运和三星电子,147,mapped,
FB-P161,part_001_200,160,161,Unknown,16_chapter_16.md,Chapter 16: 中东特运和三星电子,,,,,,,,mapped,
FB-P162,part_001_200,161,162,Unknown,17_chapter_17.md,Chapter 17: 先想后做和先做后想,0:title|1:image|2:text|3:image|4:text|5:text|6:text,title|image|text|image|text|text|text,0:185:96:425:171|1:166:321:204:379|2:168:325:406:419|3:405:320:445:383|4:168:422:446:489|5:170:493:446:537|6:169:540:447:609,FB-I036|FB-I037,,,,mapped,
FB-P163,part_001_200,162,163,150,17_chapter_17.md,Chapter 17: 先想后做和先做后想,0:title|1:text|2:text|3:text|4:text|5:text|6:text|7:text|8:text|9:text|10:text|11:text,title|text|text|text|text|text|text|text|text|text|text|text,0:6:48:223:69|1:101:79:516:169|2:103:174:517:216|3:103:221:517:264|4:104:268:518:311|5:104:316:518:407|6:105:411:520:526|7:106:529:520:597|8:137:601:346:619|9:107:623:521:668|10:107:672:521:716|11:107:718:523:787,,,,150,mapped,
FB-P164,part_001_200,163,164,151,17_chapter_17.md,Chapter 17: 先想后做和先做后想,1:text|2:text|3:text|4:text|5:text|6:text|7:text|8:text|9:text|10:text|11:text,text|text|text|text|text|text|text|text|text|text|text,1:96:82:169:99|2:96:104:510:147|3:97:152:511:195|4:97:200:513:266|5:128:270:513:289|6:99:294:513:361|7:99:366:515:456|8:100:460:515:503|9:101:508:514:550|10:130:555:509:573|11:101:578:515:622,,,17. 先想后做和先做后想,151,mapped,
FB-P165,part_001_200,164,165,Unknown,17_chapter_17.md,Chapter 17: 先想后做和先做后想,,,,,,,,mapped,
FB-P166,part_001_200,165,166,Unknown,18_chapter_18.md,Chapter 18: 李秉哲、郑周永在半导体业的较量,1:title|2:image|3:text|4:image|5:text|6:text,title|image|text|image|text|text,1:107:152:504:184|2:167:336:205:393|3:207:341:401:408|4:406:334:446:396|5:170:412:446:456|6:170:460:449:576,FB-I038|FB-I039,,,18,mapped,
FB-P167,part_001_200,166,167,154,18_chapter_18.md,Chapter 18: 李秉哲、郑周永在半导体业的较量,0:title|1:text|2:text|3:text|4:text|5:text|6:text|7:text,title|text|text|text|text|text|text|text,0:5:57:217:77|1:95:88:511:226|2:96:231:511:273|3:96:278:511:392|4:97:396:512:487|5:98:491:514:654|6:99:658:513:700|7:99:705:515:795,,,,154,mapped,
FB-P168,part_001_200,167,168,155,18_chapter_18.md,Chapter 18: 李秉哲、郑周永在半导体业的较量,2:text|3:text|4:text|5:text|6:text|7:text|8:text|9:text|10:text|11:text|12:text|13:text,text|text|text|text|text|text|text|text|text|text|text|text,2:95:81:456:99|3:95:104:511:171|4:96:175:511:218|5:96:222:511:266|6:97:270:512:336|7:98:341:513:407|8:98:412:512:454|9:98:459:513:502|10:100:507:514:549|11:100:553:514:597|12:100:602:516:740|13:102:744:516:787,,,18. 李秉哲、郑周永在半导体业的较量,155,mapped,
FB-P169,part_001_200,168,169,156,18_chapter_18.md,Chapter 18: 李秉哲、郑周永在半导体业的较量,0:title|1:text|2:text|3:text|4:text|5:text|6:text|7:text|8:text|9:text|10:text|11:text|12:text|13:text|14:text,title|text|text|text|text|text|text|text|text|text|text|text|text|text|text,0:7:51:218:72|1:96:83:511:148|2:96:154:511:220|3:96:225:511:267|4:127:273:375:291|5:127:296:458:315|6:97:320:511:362|7:128:368:489:386|8:127:392:421:409|9:98:415:513:481|10:98:485:513:552|11:99:557:513:623|12:99:628:515:718|13:99:723:514:766|14:130:770:514:789,,,,156,mapped,
FB-P170,part_001_200,169,170,157,18_chapter_18.md,Chapter 18: 李秉哲、郑周永在半导体业的较量,2:text|3:text|4:text|5:text|6:text|7:text|8:text|9:text|10:text|11:text|12:text,text|text|text|text|text|text|text|text|text|text|text,2:99:83:514:127|3:100:131:516:198|4:102:203:515:246|5:103:249:518:388|6:104:392:520:435|7:105:438:520:482|8:105:486:521:530|9:107:533:523:601|10:107:604:524:672|11:108:675:524:719|12:140:723:524:743,,FB-F036,18. 李秉哲、郑周永在半导体业的较量|1. 2. 3. 4. 5. 6. 7. 8. 9. 10. 11. 12. 13. 14. 15. 16. 17. 18. 19. 20. 21. 22. 23. 24. 25. 26. 27. 28. 29. 30. 31. 32. 33. 34. 35. 36. 37. 38. 39. 40. 41. 42. 43. 44. 45. 46. 47. 48. 49. 50. 51. 52. 53. 54. 55. 56. 57. 58. 59. 60. 61. 62. 63. 64. 65. 66. 67. 68. 69. 70. 71. 72. 73. 74. 75. 76. 77. 78. 79. 80. 81. 82. 83. 84. 85. 86. 87. 88. 89. 90. 91. 92. 93. 94. 95. 96. 97. 98. 99.,157,mapped,
FB-P171,part_001_200,170,171,158,18_chapter_18.md,Chapter 18: 李秉哲、郑周永在半导体业的较量,1:text|2:text|3:text|4:text|5:text|6:text|7:text|8:text|9:text|10:text|11:text|12:text|13:text,text|text|text|text|text|text|text|text|text|text|text|text|text,1:91:86:506:127|2:123:133:331:152|3:92:157:505:198|4:90:205:506:270|5:91:276:506:317|6:91:324:506:390|7:91:394:505:436|8:92:442:506:508|9:91:513:506:579|10:92:584:506:650|11:92:655:508:745|12:123:749:495:768|13:123:774:507:792,,,从平凡走向辉煌,158,mapped,
FB-P172,part_001_200,171,172,159,18_chapter_18.md,Chapter 18: 李秉哲、郑周永在半导体业的较量,2:text|3:text|4:text|5:text|6:text|7:text|8:text|9:text|10:text|11:text|12:text|13:text,text|text|text|text|text|text|text|text|text|text|text|text,2:95:87:174:104|3:123:110:486:128|4:124:133:383:152|5:93:158:508:199|6:95:204:511:272|7:96:276:511:342|8:96:347:511:413|9:127:441:493:460|10:98:465:512:508|11:98:513:515:675|12:99:679:515:722|13:99:726:516:793,,,18. 李秉哲、郑周永在半导体业的较量|苹果苹果苹果苹果苹果苹果苹果苹果,159,mapped,
FB-P173,part_001_200,172,173,160,18_chapter_18.md,Chapter 18: 李秉哲、郑周永在半导体业的较量,0:title|1:text|2:text|3:text|4:text|5:text|6:text|7:text|8:text|9:text|10:text|11:text|12:text,title|text|text|text|text|text|text|text|text|text|text|text|text,0:7:51:220:73|1:99:84:141:101|2:98:109:513:175|3:98:180:512:247|4:98:252:512:293|5:97:298:512:412|6:98:417:512:458|7:98:464:511:507|8:97:512:512:554|9:97:559:512:625|10:97:631:512:698|11:97:702:512:768|12:127:774:512:792,,,,160,mapped,
FB-P174,part_001_200,173,174,161,18_chapter_18.md,Chapter 18: 李秉哲、郑周永在半导体业的较量,2:text|3:text|4:text|5:text|6:text|7:text|8:text|9:text|10:text,text|text|text|text|text|text|text|text|text,2:94:77:167:95|3:95:99:509:166|4:95:170:511:286|5:98:288:511:333|6:99:336:513:404|7:100:406:514:451|8:101:454:516:546|9:103:549:518:666|10:105:668:520:737,,FB-F037,18. 李秉哲、郑周永在半导体业的较量,161,mapped,
FB-P175,part_001_200,174,175,162,18_chapter_18.md,Chapter 18: 李秉哲、郑周永在半导体业的较量,0:title|1:text|2:text|3:text|4:text|5:text|6:text|7:text|8:text|9:text|10:text,title|text|text|text|text|text|text|text|text|text|text,0:7:43:220:64|1:98:76:511:118|2:97:124:512:213|3:96:219:512:286|4:97:292:511:332|5:96:338:511:428|6:95:433:511:499|7:95:504:511:571|8:95:576:511:666|9:95:671:510:736|10:95:742:511:784,,,,162,mapped,
FB-P176,part_001_200,175,176,163,18_chapter_18.md,Chapter 18: 李秉哲、郑周永在半导体业的较量,1:text|2:text,text|text,1:91:78:506:122|2:92:126:508:194,,,18. 李秉哲、郑周永在半导体业的较量,163,mapped,
FB-P177,part_001_200,176,177,Unknown,18_chapter_18.md,Chapter 18: 李秉哲、郑周永在半导体业的较量,0:text,text,0:0:7:595:864,,,,,mapped,
FB-P178,part_001_200,177,178,Unknown,19_chapter_19.md,Chapter 19: 对属下的爱与培养,0:title|1:image|2:text|3:image|4:text|5:text,title|image|text|image|text|text,0:199:104:413:177|1:169:330:207:387|2:210:334:402:400|3:408:327:448:388|4:173:405:449:496|5:174:501:451:592,FB-I040|FB-I041,,,,mapped,
FB-P179,part_001_200,178,179,166,19_chapter_19.md,Chapter 19: 对属下的爱与培养,0:title|1:text|2:text|3:text|4:text|5:text|6:text|7:text|8:text|9:text|10:text|11:text|12:text,title|text|text|text|text|text|text|text|text|text|text|text|text,0:6:55:220:75|1:98:87:513:177|2:98:182:513:247|3:99:253:512:294|4:99:300:512:342|5:130:348:402:366|6:99:372:514:461|7:99:466:513:508|8:99:514:513:556|9:100:561:513:603|10:131:609:252:627|11:100:633:514:699|12:101:704:516:794,,,,166,mapped,
FB-P180,part_001_200,179,180,167,19_chapter_19.md,Chapter 19: 对属下的爱与培养,1:text|2:text|3:text|4:text|5:text|6:text|7:text|8:text|9:text|10:text|11:text|12:text,text|text|text|text|text|text|text|text|text|text|text|text,1:83:86:498:129|2:83:133:498:177|3:85:181:499:224|4:85:228:499:272|5:85:275:499:319|6:87:323:500:366|7:87:370:502:508|8:88:512:503:555|9:119:560:392:578|10:121:585:240:603|11:91:607:506:769|12:122:773:506:792,,,19. 对属下的爱与培养,167,mapped,
FB-P181,part_001_200,180,181,168,19_chapter_19.md,Chapter 19: 对属下的爱与培养,0:text|1:text|2:text|3:text|4:text|5:text|6:text|7:text|8:text|9:text|10:text|11:text,text|text|text|text|text|text|text|text|text|text|text|text,0:7:51:231:73|1:108:84:402:102|2:108:108:523:151|3:108:156:524:293|4:138:298:456:317|5:139:346:486:364|6:109:369:525:459|7:110:463:524:506|8:110:511:525:552|9:110:559:525:624|10:111:630:525:673|11:110:677:527:791,,,,168,mapped,
FB-P182,part_001_200,181,182,169,19_chapter_19.md,Chapter 19: 对属下的爱与培养,2:text|3:text|4:text|5:text|6:text|7:text|8:text|9:text,text|text|text|text|text|text|text|text,2:86:80:502:195|3:88:199:504:314|4:91:317:505:361|5:92:364:508:527|6:95:530:508:574|7:95:578:509:646|8:96:648:512:764|9:127:767:513:787,,,19. 对属下的爱与培养,169,mapped,
FB-P183,part_001_200,182,183,170,19_chapter_19.md,Chapter 19: 对属下的爱与培养,0:title|1:text|2:text|3:text|4:text|5:text|6:text|7:text|8:text|9:text,title|text|text|text|text|text|text|text|text|text,0:8:47:226:68|1:104:79:520:168|2:105:174:519:216|3:104:222:520:311|4:104:317:520:453|5:104:458:520:572|6:105:578:518:620|7:105:625:518:667|8:105:673:519:715|9:105:720:520:762,,,,170,mapped,
FB-P184,part_001_200,183,184,Unknown,20_chapter_20.md,Chapter 20: 优秀的企业家具有识人的慧眼,0:title|1:image|2:text|3:image|4:text|5:text,title|image|text|image|text|text,0:123:106:468:180|1:158:330:196:389|2:198:336:393:404|3:398:329:437:391|4:161:406:439:499|5:359:501:439:520,FB-I042|FB-I043,,,,mapped,
FB-P185,part_001_200,184,185,172,20_chapter_20.md,Chapter 20: 优秀的企业家具有识人的慧眼,0:title|1:text|2:text|3:text|4:text|5:text|6:text|7:text|8:text,title|text|text|text|text|text|text|text|text,0:5:55:227:76|1:105:86:520:128|2:105:133:521:295|3:107:298:523:436|4:108:441:523:484|5:108:489:524:578|6:110:583:525:650|7:110:654:526:746|8:111:749:527:793,,,,172,mapped,
FB-P186,part_001_200,185,186,173,20_chapter_20.md,Chapter 20: 优秀的企业家具有识人的慧眼,2:text|3:text|4:text|5:text|6:text|7:text|8:text|9:text|10:text|11:text,text|text|text|text|text|text|text|text|text|text,2:80:81:494:124|3:81:128:495:171|4:81:175:496:219|5:82:223:498:338|6:84:341:498:386|7:85:388:499:457|8:86:460:501:551|9:88:554:502:598|10:89:602:504:717|11:90:720:505:788,,,20. 优秀的企业家具有识人的慧眼,173,mapped,
FB-P187,part_001_200,186,187,174,20_chapter_20.md,Chapter 20: 优秀的企业家具有识人的慧眼,0:title|1:text|2:text,title|text|text,0:2:47:227:69|1:104:79:521:194|2:104:198:520:242,,,,174,mapped,
FB-P188,part_001_200,187,188,Unknown,21_chapter_21.md,Chapter 21: 信任与考察,0:title|1:image|2:text|3:image,title|image|text|image,0:242:97:380:171|1:173:324:211:382|2:173:327:408:421|3:412:322:453:383,FB-I044|FB-I045,,,,mapped,
FB-P189,part_001_200,188,189,176,21_chapter_21.md,Chapter 21: 信任与考察,0:title|1:text|2:text|3:text|4:text|5:text|6:text|7:text|8:text|9:text,title|text|text|text|text|text|text|text|text|text,0:5:46:220:67|1:97:77:512:144|2:98:149:513:216|3:98:220:513:286|4:99:291:514:357|5:99:362:514:429|6:99:432:515:500|7:100:504:515:618|8:101:623:516:690|9:102:694:516:736,,FB-F038,,176,mapped,
FB-P190,part_001_200,189,190,177,21_chapter_21.md,Chapter 21: 信任与考察,1:text|2:text|3:text|4:text|5:text|6:text|7:text|8:text|9:text|10:text|11:text,text|text|text|text|text|text|text|text|text|text|text,1:119:86:284:104|2:119:110:164:128|3:119:132:451:152|4:90:154:504:200|5:90:202:505:248|6:92:272:505:319|7:94:320:509:438|8:95:438:511:508|9:97:510:513:628|10:100:628:514:675|11:101:675:517:748,,FB-F039,21. 信任与考察,177,mapped,
FB-P191,part_001_200,190,191,178,21_chapter_21.md,Chapter 21: 信任与考察,1:text|2:text|3:text|4:text|5:text|6:text|7:text|8:text|9:text,text|text|text|text|text|text|text|text|text,1:97:88:179:106|2:96:109:511:154|3:98:158:514:272|4:99:275:513:319|5:101:323:516:415|6:102:418:517:509|7:104:512:518:557|8:105:560:520:699|9:107:702:522:772,,,从平凡走向辉煌,178,mapped,
FB-P192,part_001_200,191,192,Unknown,22_chapter_22.md,Chapter 22: 玩出名堂,0:title|1:image|2:text|3:title|4:image|5:text,title|image|text|title|image|text,0:252:102:362:176|1:169:329:207:387|2:210:334:402:401|3:174:406:254:425|4:408:327:448:389|5:172:429:451:545,FB-I046|FB-I047,,,,mapped,
FB-P193,part_001_200,192,193,180,22_chapter_22.md,Chapter 22: 玩出名堂,0:title|1:text|2:text|3:text|4:text|5:text|6:text|7:text|8:text,title|text|text|text|text|text|text|text|text,0:7:55:224:76|1:101:88:518:203|2:102:208:516:250|3:102:256:517:323|4:102:328:518:443|5:102:447:517:489|6:102:495:517:561|7:102:567:518:657|8:102:662:518:730,,FB-F040,,180,mapped,
FB-P194,part_001_200,193,194,181,22_chapter_22.md,Chapter 22: 玩出名堂,1:text|2:text|3:text|4:text|5:text|6:text|7:text,text|text|text|text|text|text|text,1:87:89:231:108|2:88:110:503:205|3:90:206:505:276|4:92:278:508:420|5:95:422:511:516|6:97:517:513:636|7:100:638:517:733,,FB-F041|FB-F042,22. 玩出名堂,181,mapped,
FB-P195,part_001_200,194,195,182,22_chapter_22.md,Chapter 22: 玩出名堂,0:title|1:text|2:text|3:text|4:text|5:text|6:text|7:text|8:text|9:text|10:text,title|text|text|text|text|text|text|text|text|text|text,0:9:52:224:75|1:102:85:518:152|2:102:158:518:248|3:103:254:518:296|4:104:301:517:343|5:104:349:517:392|6:103:397:518:488|7:104:493:518:560|8:105:565:518:632|9:105:637:518:680|10:105:686:518:728,,FB-F043|FB-F044,,182,mapped,
FB-P196,part_001_200,195,196,183,22_chapter_22.md,Chapter 22: 玩出名堂,1:text|2:text|3:text|4:text|5:text|6:text|7:text,text|text|text|text|text|text|text,1:91:83:505:126|2:91:130:506:221|3:93:225:509:411|4:94:414:509:482|5:95:486:512:624|6:97:628:512:671|7:97:675:513:743,,FB-F045,22. 玩出名堂,183,mapped,
FB-P197,part_001_200,196,197,Unknown,22_chapter_22.md,Chapter 22: 玩出名堂,,,,,,,,mapped,
FB-P198,part_001_200,197,198,Unknown,23_chapter_23.md,Chapter 23: 正规的高尔夫和红色的高尔夫,0:title|1:image|2:text|3:image|4:text|5:text,title|image|text|image|text|text,0:127:101:472:175|1:163:326:201:385|2:202:331:398:399|3:401:324:442:386|4:165:402:443:445|5:362:446:443:466,FB-I048|FB-I049,,,,mapped,
FB-P199,part_001_200,198,199,186,23_chapter_23.md,Chapter 23: 正规的高尔夫和红色的高尔夫,0:title|1:text|2:text|3:text|4:text|5:text|6:text|7:text|8:text|9:text,title|text|text|text|text|text|text|text|text|text,0:4:47:222:68|1:99:79:515:194|2:100:198:514:264|3:101:269:515:311|4:100:317:515:382|5:100:387:515:453|6:101:458:516:524|7:102:529:516:596|8:102:600:517:690|9:102:695:518:785,,,,186,mapped,
FB-P200,part_001_200,199,200,187,23_chapter_23.md,Chapter 23: 正规的高尔夫和红色的高尔夫,2:text|3:text|4:text|5:text|6:text|7:text|8:text,text|text|text|text|text|text|text,2:86:86:502:201|3:89:204:504:296|4:92:299:506:391|5:94:393:508:508|6:96:512:511:675|7:99:677:513:746|8:100:748:514:793,,,23. 正规的高尔夫和红色的高尔夫,187,mapped,
FB-P201,part_201_243,0,201,188,23_chapter_23.md,Chapter 23: 正规的高尔夫和红色的高尔夫,0:title|1:text|2:text|3:text|4:text|5:text|6:text,title|text|text|text|text|text|text,0:5:55:224:76|1:102:87:516:128|2:102:134:516:201|3:102:206:517:390|4:103:395:518:604|5:104:609:518:698|6:105:703:519:793,,,,188,mapped,
FB-P202,part_201_243,1,202,189,23_chapter_23.md,Chapter 23: 正规的高尔夫和红色的高尔夫,1:text|2:text|3:text|4:text|5:text|6:text|7:text|8:text|9:text|10:text,text|text|text|text|text|text|text|text|text|text,1:95:77:509:122|2:96:126:510:171|3:98:196:511:241|4:99:244:514:360|5:102:362:516:455|6:104:457:517:527|7:105:529:518:574|8:107:577:520:670|9:108:672:523:764|10:139:766:523:787,,,23. 正规的高尔夫和红色的高尔夫,189,mapped,
FB-P203,part_201_243,2,203,190,23_chapter_23.md,Chapter 23: 正规的高尔夫和红色的高尔夫,0:title|1:text|2:text|3:text|4:text|5:text|6:text|7:text|8:text|9:text,title|text|text|text|text|text|text|text|text|text,0:2:49:215:69|1:93:80:432:99|2:93:104:506:146|3:94:152:508:194|4:94:199:508:266|5:95:270:509:384|6:95:388:510:456|7:96:460:511:527|8:96:531:512:646|9:98:649:513:742,,,,190,mapped,
FB-P204,part_201_243,3,204,Unknown,24_chapter_24.md,Chapter 24: 李秉哲和郑周永的节俭,0:title|1:image|2:text|3:image|4:text,title|image|text|image|text,0:168:104:434:176|1:163:329:201:387|2:203:335:396:401|3:402:328:441:390|4:166:406:444:521,FB-I050|FB-I051,,,,mapped,
FB-P205,part_201_243,4,205,192,24_chapter_24.md,Chapter 24: 李秉哲和郑周永的节俭,0:title|1:text|2:text|3:text|4:text|5:text|6:text|7:text|8:text|9:text,title|text|text|text|text|text|text|text|text|text,0:9:49:227:70|1:105:82:520:124|2:105:130:520:268|3:105:273:520:337|4:105:343:520:410|5:136:438:330:457|6:105:463:520:529|7:105:533:520:623|8:105:628:520:718|9:105:724:520:789,,,,192,mapped,
FB-P206,part_201_243,5,206,193,24_chapter_24.md,Chapter 24: 李秉哲和郑周永的节俭,2:text|3:text|4:text|5:text|6:text|7:text|8:text|9:text|10:text|11:text|12:text|13:text|14:text|15:text|16:text,text|text|text|text|text|text|text|text|text|text|text|text|text|text|text,2:92:83:505:127|3:92:131:506:174|4:93:178:506:222|5:95:226:508:270|6:95:273:508:317|7:96:320:509:388|8:126:393:389:411|9:98:415:511:459|10:98:463:513:530|11:99:533:513:578|12:100:581:513:625|13:101:628:515:697|14:133:700:480:718|15:102:724:515:768|16:134:771:517:791,,,24. 李秉哲和郑周永的节俭,193,mapped,
FB-P207,part_201_243,6,207,194,24_chapter_24.md,Chapter 24: 李秉哲和郑周永的节俭,0:title|1:text|2:text|3:text|4:text|5:text|6:text|7:text|8:text|9:text|10:text|11:text,title|text|text|text|text|text|text|text|text|text|text|text,0:8:50:224:71|1:101:82:370:102|2:101:108:515:148|3:101:155:515:198|4:100:203:515:269|5:130:273:461:293|6:100:298:514:362|7:99:369:515:459|8:99:463:514:553|9:100:559:513:600|10:98:606:514:719|11:129:724:514:743,,FB-F046,,194,mapped,
FB-P208,part_201_243,7,208,195,24_chapter_24.md,Chapter 24: 李秉哲和郑周永的节俭,2:text|3:text|4:text|5:text|6:text|7:text|8:text|9:text|10:text,text|text|text|text|text|text|text|text|text,2:88:80:502:122|3:88:127:503:193|4:89:198:505:336|5:91:340:506:406|6:92:411:506:454|7:93:458:506:526|8:94:530:508:644|9:95:648:508:691|10:95:695:511:762,,,24. 李秉哲和郑周永的节俭,195,mapped,
FB-P209,part_201_243,8,209,196,24_chapter_24.md,Chapter 24: 李秉哲和郑周永的节俭,0:title|1:text|2:text|3:text,title|text|text|text,0:5:49:221:70|1:99:80:514:147|2:99:152:516:266|3:100:270:517:386,,,,196,mapped,
FB-P210,part_201_243,9,210,Unknown,25_chapter_25.md,Chapter 25: 两位巨人的最后时日,0:title|1:image|2:text|3:image,title|image|text|image,0:182:99:420:175|1:191:325:230:385|2:239:330:367:518|3:377:324:418:387,FB-I052|FB-I053,,,,mapped,
FB-P211,part_201_243,10,211,198,25_chapter_25.md,Chapter 25: 两位巨人的最后时日,0:title|1:text|2:text|3:text|4:text|5:text|6:text|7:text,title|text|text|text|text|text|text|text,0:7:49:224:69|1:103:81:518:171|2:103:176:518:289|3:104:294:518:383|4:104:389:517:431|5:103:436:518:622|6:104:626:518:667|7:104:673:519:787,,,,198,mapped,
FB-P212,part_201_243,11,212,199,25_chapter_25.md,Chapter 25: 两位巨人的最后时日,1:text|2:text|3:text|4:text|5:text,text|text|text|text|text,1:85:76:499:143|2:86:147:501:214|3:88:218:503:333|4:91:336:507:689|5:95:692:511:784,,,25. 两位巨人的最后时日,199,mapped,
FB-P213,part_201_243,12,213,200,25_chapter_25.md,Chapter 25: 两位巨人的最后时日,0:title|1:text|2:text|3:text|4:text,title|text|text|text|text,0:0:49:218:72|1:96:75:511:121|2:101:124:520:573|3:113:573:528:739|4:116:738:532:787,,,,200,mapped,
FB-P214,part_201_243,13,214,201,25_chapter_25.md,Chapter 25: 两位巨人的最后时日,1:text|2:text|3:text|4:text|5:text|6:text,text|text|text|text|text|text,1:86:89:502:156|2:88:160:505:441|3:90:445:506:536|4:92:564:506:630|5:92:635:508:724|6:123:729:508:748,,FB-F047,25. 两位巨人的最后时日,201,mapped,
FB-P215,part_201_243,14,215,202,25_chapter_25.md,Chapter 25: 两位巨人的最后时日,1:text|2:text|3:text|4:text|5:text|6:text|7:text|8:text|9:text|10:text,text|text|text|text|text|text|text|text|text|text,1:102:92:517:158|2:103:163:518:253|3:104:258:518:300|4:104:305:519:395|5:105:400:520:466|6:105:470:520:537|7:136:541:514:559|8:107:565:521:655|9:108:660:523:775|10:139:779:523:797,,,从平凡走向辉煌,202,mapped,
FB-P216,part_201_243,15,216,203,25_chapter_25.md,Chapter 25: 两位巨人的最后时日,1:text|2:text|3:text|4:text|5:text|6:text|7:text|8:text,text|text|text|text|text|text|text|text,1:94:89:464:108|2:95:113:510:179|3:95:184:511:298|4:96:303:512:417|5:98:421:514:583|6:99:587:515:702|7:100:730:516:772|8:132:777:516:795,,,25. 两位巨人的最后时日,203,mapped,
FB-P217,part_201_243,16,217,204,25_chapter_25.md,Chapter 25: 两位巨人的最后时日,0:title|1:text|2:text|3:text|4:text|5:text|6:text|7:text,title|text|text|text|text|text|text|text,0:8:57:217:78|1:95:89:512:250|2:97:255:512:321|3:98:326:512:392|4:98:397:512:463|5:98:468:514:606|6:99:610:515:677|7:100:705:516:795,,,,204,mapped,
FB-P218,part_201_243,17,218,205,25_chapter_25.md,Chapter 25: 两位巨人的最后时日,1:text|2:text|3:text|4:text|5:text|6:text|7:text|8:text|9:text,text|text|text|text|text|text|text|text|text,1:94:76:509:119|2:94:124:511:285|3:95:290:511:355|4:96:361:511:426|5:96:432:511:497|6:97:502:512:592|7:97:597:514:688|8:98:693:513:736|9:98:740:514:782,,,25. 两位巨人的最后时日,205,mapped,
FB-P219,part_201_243,18,219,206,25_chapter_25.md,Chapter 25: 两位巨人的最后时日,0:title|1:text|2:text|3:text|4:text|5:text|6:text|7:text,title|text|text|text|text|text|text|text,0:7:44:218:64|1:96:76:511:213|2:97:218:511:284|3:97:289:511:331|4:98:336:511:379|5:98:407:514:569|6:99:573:515:664|7:99:668:515:736,,FB-F048,,206,mapped,
FB-P220,part_201_243,19,220,207,25_chapter_25.md,Chapter 25: 两位巨人的最后时日,1:text|2:text|3:text|4:text|5:text|6:text|7:text|8:text|9:text,text|text|text|text|text|text|text|text|text,1:96:89:512:203|2:97:209:512:298|3:99:304:513:370|4:99:374:515:560|5:101:565:517:654|6:102:659:516:703|7:165:731:289:748|8:165:756:289:771|9:165:779:290:796,,,25. 两位巨人的最后时日,207,mapped,
FB-P221,part_201_243,20,221,208,25_chapter_25.md,Chapter 25: 两位巨人的最后时日,0:title|1:text|2:text|3:text|4:text|5:text|6:text|7:text|8:text|9:text,title|text|text|text|text|text|text|text|text|text,0:9:56:220:76|1:157:88:287:203|2:99:231:513:273|3:98:279:514:415|4:98:420:513:487|5:98:491:513:534|6:98:540:513:605|7:98:610:513:654|8:129:658:323:676|9:129:681:301:700,,,,208,mapped,
FB-P222,part_201_243,21,222,Unknown,26_chapter_26.md,Chapter 26: 王子之乱和接班人们,0:title|1:image|2:text|3:image|4:text,title|image|text|image|text,0:194:94:436:169|1:174:318:213:377|2:210:324:408:415|3:413:319:456:381|4:373:420:454:438,FB-I054|FB-I055,,,,mapped,
FB-P223,part_201_243,22,223,210,26_chapter_26.md,Chapter 26: 王子之乱和接班人们,0:title|1:text|2:text|3:text|4:text|5:text|6:text|7:text,title|text|text|text|text|text|text|text,0:10:43:218:63|1:96:76:511:168|2:96:171:511:238|3:95:243:510:380|4:94:385:509:522|5:92:527:509:711|6:93:717:508:759|7:123:763:506:783,,,,210,mapped,
FB-P224,part_201_243,23,224,211,26_chapter_26.md,Chapter 26: 王子之乱和接班人们,1:text|2:text|3:text|4:text|5:text|6:text|7:text|8:text|9:text|10:text,text|text|text|text|text|text|text|text|text|text,1:95:71:366:89|2:96:94:512:162|3:98:165:513:233|4:99:235:513:280|5:101:283:515:375|6:102:377:516:424|7:104:448:518:565|8:105:567:521:684|9:107:686:523:755|10:139:756:523:777,,,26. 王子之乱和接班人们,211,mapped,
FB-P225,part_201_243,24,225,212,26_chapter_26.md,Chapter 26: 王子之乱和接班人们,0:title|1:text|2:text|3:text|4:text|5:text|6:text,title|text|text|text|text|text|text,0:7:38:217:59|1:94:71:511:257|2:94:261:509:350|3:93:356:509:470|4:94:475:508:539|5:92:546:508:635|6:92:641:509:779,,,,212,mapped,
FB-P226,part_201_243,25,226,213,26_chapter_26.md,Chapter 26: 王子之乱和接班人们,1:text|2:text|3:text|4:text|5:text|6:text|7:text,text|text|text|text|text|text|text,1:95:82:512:173|2:128:177:368:196|3:100:201:517:483|4:105:484:520:578|5:107:578:522:673|6:109:673:524:743|7:111:744:524:791,,,26. 王子之乱和接班人们,213,mapped,
FB-P227,part_201_243,26,227,Unknown,26_chapter_26.md,Chapter 26: 王子之乱和接班人们,,,,,,,,mapped,
FB-P228,part_201_243,27,228,Unknown,27_chapter_27.md,Chapter 27: 王国的功臣们,0:title|1:image|2:text|3:image|4:text|5:text,title|image|text|image|text|text,0:227:107:387:180|1:167:332:204:390|2:208:339:401:405|3:406:333:445:396|4:169:411:446:476|5:365:482:446:499,FB-I056|FB-I057,,,,mapped,
FB-P229,part_201_243,28,229,216,27_chapter_27.md,Chapter 27: 王国的功臣们,0:title|1:text|2:text|3:text|4:text|5:text|6:text|7:text,title|text|text|text|text|text|text|text,0:8:55:224:75|1:102:86:519:295|2:104:300:519:366|3:104:371:520:461|4:105:466:520:556|5:105:561:520:628|6:106:632:522:770|7:137:775:521:793,,,,216,mapped,
FB-P230,part_201_243,29,230,217,27_chapter_27.md,Chapter 27: 王国的功臣们,1:text|2:text|3:text|4:text|5:text|6:text|7:text,text|text|text|text|text|text|text,1:88:76:503:143|2:89:147:504:214|3:90:218:507:476|4:93:478:509:570|5:95:574:509:641|6:95:645:511:759|7:126:762:511:782,,,27. 王国的功臣们,217,mapped,
FB-P231,part_201_243,30,231,218,27_chapter_27.md,Chapter 27: 王国的功臣们,0:title|1:text|2:text|3:text|4:text|5:text|6:text|7:text|8:text,title|text|text|text|text|text|text|text|text,0:8:43:226:63|1:104:76:519:190|2:105:195:518:235|3:104:241:520:379|4:105:383:520:497|5:105:502:520:592|6:105:597:520:639|7:105:645:520:710|8:105:716:521:781,,,,218,mapped,
FB-P232,part_201_243,31,232,219,27_chapter_27.md,Chapter 27: 王国的功臣们,1:text|2:text|3:text|4:text|5:text|6:text|7:text,text|text|text|text|text|text|text,1:84:76:500:167|2:86:171:502:262|3:88:266:502:332|4:89:336:505:475|5:91:479:506:617|6:92:620:508:711|7:94:715:509:783,,,27. 王国的功臣们,219,mapped,
FB-P233,part_201_243,32,233,220,27_chapter_27.md,Chapter 27: 王国的功臣们,0:title|1:text|2:text|3:text|4:text|5:text|6:text|7:text,title|text|text|text|text|text|text|text,0:7:44:229:66|1:107:77:521:143|2:107:148:523:214|3:107:219:523:309|4:108:314:523:403|5:108:408:524:521|6:109:527:525:736|7:110:741:525:782,,,,220,mapped,
FB-P234,part_201_243,33,234,221,27_chapter_27.md,Chapter 27: 王国的功臣们,1:text|2:text|3:text|4:text|5:text|6:text|7:text|8:text|9:text,text|text|text|text|text|text|text|text|text,1:85:88:499:133|2:86:159:502:275|3:88:278:504:369|4:91:373:506:512|5:93:515:506:559|6:94:562:508:631|7:95:634:510:703|8:96:705:511:774|9:126:775:511:797,,,27. 王国的功臣们,221,mapped,
FB-P235,part_201_243,34,235,222,27_chapter_27.md,Chapter 27: 王国的功臣们,0:title|1:text|2:text|3:text|4:text|5:text|6:text|7:text|8:text|9:text|10:text,title|text|text|text|text|text|text|text|text|text|text,0:9:57:230:77|1:107:89:524:227|2:107:233:523:298|3:108:304:523:368|4:108:374:523:417|5:108:422:523:489|6:108:494:523:559|7:107:565:521:607|8:107:613:523:725|9:107:732:523:774|10:138:779:522:797,,,,222,mapped,
FB-P236,part_201_243,35,236,223,27_chapter_27.md,Chapter 27: 王国的功臣们,1:text|2:text,text|text,1:83:75:499:142|2:85:146:500:215,,,27. 王国的功臣们,223,mapped,
FB-P237,part_201_243,36,237,Unknown,27_chapter_27.md,Chapter 27: 王国的功臣们,0:text,text,0:1:9:595:864,,,,,mapped,
FB-P238,part_201_243,37,238,Unknown,28_chapter_28.md,Chapter 28: 巨人的时代结束后,0:title|1:image|2:text|3:image|4:text,title|image|text|image|text,0:201:107:415:179|1:168:330:205:388|2:171:336:402:427|3:408:330:447:392|4:171:432:449:522,FB-I058|FB-I059,,,,mapped,
FB-P239,part_201_243,38,239,226,28_chapter_28.md,Chapter 28: 巨人的时代结束后,0:title|1:text|2:text|3:text|4:text|5:text|6:text,title|text|text|text|text|text|text,0:6:53:227:76|1:105:87:521:177|2:105:182:521:367|3:105:372:520:485|4:104:489:521:675|5:105:680:520:723|6:104:729:520:770,,,,226,mapped,
FB-P240,part_201_243,39,240,227,99_afterword.md,afterword,3:text|4:text|5:text|6:text|7:text|8:text|9:text|10:text|11:text,text|text|text|text|text|text|text|text|text,3:198:264:249:289|4:122:327:362:346|5:93:349:508:418|6:95:420:509:464|7:95:467:509:511|8:96:514:511:583|9:97:584:512:653|10:99:655:512:701|11:99:703:513:749,,FB-F049,H|后记|后记,227,mapped,
FB-P241,part_201_243,40,241,228,99_afterword.md,afterword,0:text|1:text|2:text|3:text|4:text|5:text,text|text|text|text|text|text,0:102:86:517:128|1:101:134:517:247|2:102:253:516:294|3:100:300:517:508|4:99:513:516:698|5:99:703:515:792,,,,228,mapped,
FB-P242,part_201_243,41,242,229,99_afterword.md,afterword,1:text|2:text|3:text|4:text|5:text|6:text|7:text,text|text|text|text|text|text|text,1:69:78:483:120|2:69:126:484:242|3:69:247:484:315|4:69:320:484:363|5:69:368:485:460|6:100:464:343:483|7:70:489:485:556,,,后记,229,mapped,
FB-P243,part_201_243,42,243,Unknown,99_afterword.md,archive metadata candidate,0:text|1:text,text|text,0:23:19:400:45|1:23:53:583:78,,,,,mapped,
